PRAGMA foreign_keys=OFF;
BEGIN TRANSACTION;
CREATE TABLE IF NOT EXISTS "logs" ("id" integer PRIMARY KEY AUTOINCREMENT NOT NULL, "msg" varchar NOT NULL, "level" varchar NOT NULL, "app" varchar, "tag" varchar, "pid" integer, "tid" integer(8), "ts" varchar, "created_at" datetime NOT NULL, "updated_at" datetime NOT NULL);
INSERT INTO logs VALUES(1,'hash reader - found implicit bool (no) for key; adding quotes to turn into string; see yaml.org/refcard.html (path=)','warn',NULL,NULL,5993,47347962865060,'2018-05-13 11:47:47 +0800','2018-05-13 03:47:47.836455','2018-05-13 03:47:47.836455');
INSERT INTO logs VALUES(2,'no country match found for >Bonaire<; skipping line; in [1-codes/fifa]','warn',NULL,NULL,5993,47347962865060,'2018-05-13 11:47:48 +0800','2018-05-13 03:47:48.557701','2018-05-13 03:47:48.557701');
INSERT INTO logs VALUES(3,'no country match found for >Kosovo<; skipping line; in [1-codes/fifa]','warn',NULL,NULL,5993,47347962865060,'2018-05-13 11:47:48 +0800','2018-05-13 03:47:48.571693','2018-05-13 03:47:48.571693');
INSERT INTO logs VALUES(4,'no country match found for >Zanzibar<; skipping line; in [1-codes/fifa]','warn',NULL,NULL,5993,47347962865060,'2018-05-13 11:47:48 +0800','2018-05-13 03:47:48.576453','2018-05-13 03:47:48.576453');
INSERT INTO logs VALUES(5,'no country match found for >Saint-Martin<; skipping line; in [1-codes/fifa]','warn',NULL,NULL,5993,47347962865060,'2018-05-13 11:47:48 +0800','2018-05-13 03:47:48.583491','2018-05-13 03:47:48.583491');
INSERT INTO logs VALUES(6,'no country match found for >Ashmore and Cartier Islands (AU)<; skipping line; in [1-codes/fips]','warn',NULL,NULL,5993,47347962865060,'2018-05-13 11:47:48 +0800','2018-05-13 03:47:48.625745','2018-05-13 03:47:48.625745');
INSERT INTO logs VALUES(7,'no country match found for >Akrotiri (UK)<; skipping line; in [1-codes/fips]','warn',NULL,NULL,5993,47347962865060,'2018-05-13 11:47:48 +0800','2018-05-13 03:47:48.633063','2018-05-13 03:47:48.633063');
INSERT INTO logs VALUES(8,'no country match found for >Burma<; skipping line; in [1-codes/fips]','warn',NULL,NULL,5993,47347962865060,'2018-05-13 11:47:48 +0800','2018-05-13 03:47:48.660511','2018-05-13 03:47:48.660511');
INSERT INTO logs VALUES(9,'no country match found for >Navassa Island (US)<; skipping line; in [1-codes/fips]','warn',NULL,NULL,5993,47347962865060,'2018-05-13 11:47:48 +0800','2018-05-13 03:47:48.669177','2018-05-13 03:47:48.669177');
INSERT INTO logs VALUES(10,'no country match found for >Bassas da India (FR)<; skipping line; in [1-codes/fips]','warn',NULL,NULL,5993,47347962865060,'2018-05-13 11:47:48 +0800','2018-05-13 03:47:48.673753','2018-05-13 03:47:48.673753');
INSERT INTO logs VALUES(11,'no country match found for >Cocos (Keeling) Islands (AU)<; skipping line; in [1-codes/fips]','warn',NULL,NULL,5993,47347962865060,'2018-05-13 11:47:48 +0800','2018-05-13 03:47:48.707822','2018-05-13 03:47:48.707822');
INSERT INTO logs VALUES(12,'no country match found for >Coral Sea Islands (AU)<; skipping line; in [1-codes/fips]','warn',NULL,NULL,5993,47347962865060,'2018-05-13 11:47:48 +0800','2018-05-13 03:47:48.720342','2018-05-13 03:47:48.720342');
INSERT INTO logs VALUES(13,'no country match found for >Jarvis Island (US)<; skipping line; in [1-codes/fips]','warn',NULL,NULL,5993,47347962865060,'2018-05-13 11:47:48 +0800','2018-05-13 03:47:48.744864','2018-05-13 03:47:48.744864');
INSERT INTO logs VALUES(14,'no country match found for >Dhekelia (UK)<; skipping line; in [1-codes/fips]','warn',NULL,NULL,5993,47347962865060,'2018-05-13 11:47:48 +0800','2018-05-13 03:47:48.749795','2018-05-13 03:47:48.749795');
INSERT INTO logs VALUES(15,'no country match found for >Europa Island (FR)<; skipping line; in [1-codes/fips]','warn',NULL,NULL,5993,47347962865060,'2018-05-13 11:47:48 +0800','2018-05-13 03:47:48.768786','2018-05-13 03:47:48.768786');
INSERT INTO logs VALUES(16,'no country match found for >French Polynesia (FR)<; skipping line; in [1-codes/fips]','warn',NULL,NULL,5993,47347962865060,'2018-05-13 11:47:48 +0800','2018-05-13 03:47:48.788033','2018-05-13 03:47:48.788033');
INSERT INTO logs VALUES(17,'no country match found for >Baker Island (US)<; skipping line; in [1-codes/fips]','warn',NULL,NULL,5993,47347962865060,'2018-05-13 11:47:48 +0800','2018-05-13 03:47:48.790517','2018-05-13 03:47:48.790517');
INSERT INTO logs VALUES(18,'no country match found for >Glorioso Islands (FR)<; skipping line; in [1-codes/fips]','warn',NULL,NULL,5993,47347962865060,'2018-05-13 11:47:48 +0800','2018-05-13 03:47:48.819299','2018-05-13 03:47:48.819299');
INSERT INTO logs VALUES(19,'no country match found for >Gaza Strip (PS)<; skipping line; in [1-codes/fips]','warn',NULL,NULL,5993,47347962865060,'2018-05-13 11:47:48 +0800','2018-05-13 03:47:48.834851','2018-05-13 03:47:48.834851');
INSERT INTO logs VALUES(20,'no country match found for >Howland Island (US)<; skipping line; in [1-codes/fips]','warn',NULL,NULL,5993,47347962865060,'2018-05-13 11:47:48 +0800','2018-05-13 03:47:48.849759','2018-05-13 03:47:48.849759');
INSERT INTO logs VALUES(21,'no country match found for >Clipperton Island (FR)<; skipping line; in [1-codes/fips]','warn',NULL,NULL,5993,47347962865060,'2018-05-13 11:47:48 +0800','2018-05-13 03:47:48.867272','2018-05-13 03:47:48.867272');
INSERT INTO logs VALUES(22,'no country match found for >Jan Mayen (NO)<; skipping line; in [1-codes/fips]','warn',NULL,NULL,5993,47347962865060,'2018-05-13 11:47:48 +0800','2018-05-13 03:47:48.887746','2018-05-13 03:47:48.887746');
INSERT INTO logs VALUES(23,'no country match found for >Johnston Atoll (US)<; skipping line; in [1-codes/fips]','warn',NULL,NULL,5993,47347962865060,'2018-05-13 11:47:48 +0800','2018-05-13 03:47:48.892620','2018-05-13 03:47:48.892620');
INSERT INTO logs VALUES(24,'no country match found for >Juan de Nova Island (FR)<; skipping line; in [1-codes/fips]','warn',NULL,NULL,5993,47347962865060,'2018-05-13 11:47:48 +0800','2018-05-13 03:47:48.895011','2018-05-13 03:47:48.895011');
INSERT INTO logs VALUES(25,'no country match found for >Kingman Reef (US)<; skipping line; in [1-codes/fips]','warn',NULL,NULL,5993,47347962865060,'2018-05-13 11:47:48 +0800','2018-05-13 03:47:48.905198','2018-05-13 03:47:48.905198');
INSERT INTO logs VALUES(26,'no country match found for >Kosovo<; skipping line; in [1-codes/fips]','warn',NULL,NULL,5993,47347962865060,'2018-05-13 11:47:48 +0800','2018-05-13 03:47:48.916354','2018-05-13 03:47:48.916354');
INSERT INTO logs VALUES(27,'no country match found for >Palmyra Atoll (US)<; skipping line; in [1-codes/fips]','warn',NULL,NULL,5993,47347962865060,'2018-05-13 11:47:48 +0800','2018-05-13 03:47:48.935917','2018-05-13 03:47:48.935917');
INSERT INTO logs VALUES(28,'no country match found for >Midway Islands (US)<; skipping line; in [1-codes/fips]','warn',NULL,NULL,5993,47347962865060,'2018-05-13 11:47:48 +0800','2018-05-13 03:47:48.979320','2018-05-13 03:47:48.979320');
INSERT INTO logs VALUES(29,'no country match found for >Paracel Islands (CN)<; skipping line; in [1-codes/fips]','warn',NULL,NULL,5993,47347962865060,'2018-05-13 11:47:49 +0800','2018-05-13 03:47:49.035965','2018-05-13 03:47:49.035965');
INSERT INTO logs VALUES(30,'no country match found for >Spratly Islands<; skipping line; in [1-codes/fips]','warn',NULL,NULL,5993,47347962865060,'2018-05-13 11:47:49 +0800','2018-05-13 03:47:49.038460','2018-05-13 03:47:49.038460');
INSERT INTO logs VALUES(31,'no country match found for >South Kuril Islands (RU)<; skipping line; in [1-codes/fips]','warn',NULL,NULL,5993,47347962865060,'2018-05-13 11:47:49 +0800','2018-05-13 03:47:49.040857','2018-05-13 03:47:49.040857');
INSERT INTO logs VALUES(32,'no country match found for >Svalbard (NO)<; skipping line; in [1-codes/fips]','warn',NULL,NULL,5993,47347962865060,'2018-05-13 11:47:49 +0800','2018-05-13 03:47:49.114763','2018-05-13 03:47:49.114763');
INSERT INTO logs VALUES(33,'no country match found for >South Georgia and South Sandwich Islands (UK)<; skipping line; in [1-codes/fips]','warn',NULL,NULL,5993,47347962865060,'2018-05-13 11:47:49 +0800','2018-05-13 03:47:49.119360','2018-05-13 03:47:49.119360');
INSERT INTO logs VALUES(34,'no country match found for >Saint Barthelemy (FR)<; skipping line; in [1-codes/fips]','warn',NULL,NULL,5993,47347962865060,'2018-05-13 11:47:49 +0800','2018-05-13 03:47:49.126042','2018-05-13 03:47:49.126042');
INSERT INTO logs VALUES(35,'no country match found for >Tromelin Island (FR)<; skipping line; in [1-codes/fips]','warn',NULL,NULL,5993,47347962865060,'2018-05-13 11:47:49 +0800','2018-05-13 03:47:49.131447','2018-05-13 03:47:49.131447');
INSERT INTO logs VALUES(36,'no country match found for >Sao Tome and Principe<; skipping line; in [1-codes/fips]','warn',NULL,NULL,5993,47347962865060,'2018-05-13 11:47:49 +0800','2018-05-13 03:47:49.147478','2018-05-13 03:47:49.147478');
INSERT INTO logs VALUES(37,'no country match found for >West Bank<; skipping line; in [1-codes/fips]','warn',NULL,NULL,5993,47347962865060,'2018-05-13 11:47:49 +0800','2018-05-13 03:47:49.199826','2018-05-13 03:47:49.199826');
INSERT INTO logs VALUES(38,'no country match found for >Western Sahara (MA)<; skipping line; in [1-codes/fips]','warn',NULL,NULL,5993,47347962865060,'2018-05-13 11:47:49 +0800','2018-05-13 03:47:49.204630','2018-05-13 03:47:49.204630');
INSERT INTO logs VALUES(39,'no country match found for >Wake Island (US)<; skipping line; in [1-codes/fips]','warn',NULL,NULL,5993,47347962865060,'2018-05-13 11:47:49 +0800','2018-05-13 03:47:49.207541','2018-05-13 03:47:49.207541');
INSERT INTO logs VALUES(40,'no country match found for >Ascension Island<; skipping line; in [1-codes/internet]','warn',NULL,NULL,5993,47347962865060,'2018-05-13 11:47:49 +0800','2018-05-13 03:47:49.221588','2018-05-13 03:47:49.221588');
INSERT INTO logs VALUES(41,'no country match found for >Netherlands Antilles (NL)<; skipping line; in [1-codes/internet]','warn',NULL,NULL,5993,47347962865060,'2018-05-13 11:47:49 +0800','2018-05-13 03:47:49.240002','2018-05-13 03:47:49.240002');
INSERT INTO logs VALUES(42,'no country match found for >Cocos (Keeling) Islands (AU)<; skipping line; in [1-codes/internet]','warn',NULL,NULL,5993,47347962865060,'2018-05-13 11:47:49 +0800','2018-05-13 03:47:49.307353','2018-05-13 03:47:49.307353');
INSERT INTO logs VALUES(43,'no country match found for >French Polynesia<; skipping line; in [1-codes/internet]','warn',NULL,NULL,5993,47347962865060,'2018-05-13 11:47:49 +0800','2018-05-13 03:47:49.594298','2018-05-13 03:47:49.594298');
INSERT INTO logs VALUES(44,'no country match found for >Saint-Pierre and Miquelon<; skipping line; in [1-codes/internet]','warn',NULL,NULL,5993,47347962865060,'2018-05-13 11:47:49 +0800','2018-05-13 03:47:49.605349','2018-05-13 03:47:49.605349');
INSERT INTO logs VALUES(45,'no country match found for >Svalbard and Jan Mayen Islands<; skipping line; in [1-codes/internet]','warn',NULL,NULL,5993,47347962865060,'2018-05-13 11:47:49 +0800','2018-05-13 03:47:49.651580','2018-05-13 03:47:49.651580');
INSERT INTO logs VALUES(46,'no country match found for >Bonaire<; skipping line; in [1-codes/iso]','warn',NULL,NULL,5993,47347962865060,'2018-05-13 11:47:50 +0800','2018-05-13 03:47:50.265501','2018-05-13 03:47:50.265501');
INSERT INTO logs VALUES(47,'no country match found for >Cabo Verde<; skipping line; in [1-codes/iso]','warn',NULL,NULL,5993,47347962865060,'2018-05-13 11:47:50 +0800','2018-05-13 03:47:50.299290','2018-05-13 03:47:50.299290');
INSERT INTO logs VALUES(48,'no country match found for >Cocos (Keeling) Islands (AU)<; skipping line; in [1-codes/iso]','warn',NULL,NULL,5993,47347962865060,'2018-05-13 11:47:50 +0800','2018-05-13 03:47:50.315190','2018-05-13 03:47:50.315190');
INSERT INTO logs VALUES(49,'no country match found for >French Polynesia (FR)<; skipping line; in [1-codes/iso]','warn',NULL,NULL,5993,47347962865060,'2018-05-13 11:47:50 +0800','2018-05-13 03:47:50.383352','2018-05-13 03:47:50.383352');
INSERT INTO logs VALUES(50,'no country match found for >Sao Tome and Principe<; skipping line; in [1-codes/iso]','warn',NULL,NULL,5993,47347962865060,'2018-05-13 11:47:50 +0800','2018-05-13 03:47:50.648240','2018-05-13 03:47:50.648240');
INSERT INTO logs VALUES(51,'no country match found for >Svalbard and Jan Mayen<; skipping line; in [1-codes/iso]','warn',NULL,NULL,5993,47347962865060,'2018-05-13 11:47:50 +0800','2018-05-13 03:47:50.691918','2018-05-13 03:47:50.691918');
INSERT INTO logs VALUES(52,'no country match found for >United States Minor Outlying Islands (US)<; skipping line; in [1-codes/iso]','warn',NULL,NULL,5993,47347962865060,'2018-05-13 11:47:50 +0800','2018-05-13 03:47:50.749769','2018-05-13 03:47:50.749769');
INSERT INTO logs VALUES(53,'no country match found for >Western Sahara<; skipping line; in [1-codes/iso]','warn',NULL,NULL,5993,47347962865060,'2018-05-13 11:47:50 +0800','2018-05-13 03:47:50.771289','2018-05-13 03:47:50.771289');
INSERT INTO logs VALUES(54,'no country match found for >Burma<; skipping line; in [1-codes/motor]','warn',NULL,NULL,5993,47347962865060,'2018-05-13 11:47:50 +0800','2018-05-13 03:47:50.838746','2018-05-13 03:47:50.838746');
INSERT INTO logs VALUES(55,'no country match found for >Zanzibar<; skipping line; in [1-codes/motor]','warn',NULL,NULL,5993,47347962865060,'2018-05-13 11:47:50 +0800','2018-05-13 03:47:50.898670','2018-05-13 03:47:50.898670');
INSERT INTO logs VALUES(56,'no country match found for >Alderney<; skipping line; in [1-codes/motor]','warn',NULL,NULL,5993,47347962865060,'2018-05-13 11:47:50 +0800','2018-05-13 03:47:50.935155','2018-05-13 03:47:50.935155');
INSERT INTO logs VALUES(57,'no country match found for >Transnistria<; skipping line; in [1-codes/motor]','warn',NULL,NULL,5993,47347962865060,'2018-05-13 11:47:51 +0800','2018-05-13 03:47:51.086200','2018-05-13 03:47:51.086200');
INSERT INTO logs VALUES(58,'no country match found for >Kosovo<; skipping line; in [1-codes/motor]','warn',NULL,NULL,5993,47347962865060,'2018-05-13 11:47:51 +0800','2018-05-13 03:47:51.124900','2018-05-13 03:47:51.124900');
INSERT INTO logs VALUES(59,'no country match found for >Western Sahara<; skipping line; in [1-codes/motor]','warn',NULL,NULL,5993,47347962865060,'2018-05-13 11:47:51 +0800','2018-05-13 03:47:51.234636','2018-05-13 03:47:51.234636');
INSERT INTO logs VALUES(60,'hash reader - found tab (	) replacing w/ two spaces; yaml forbids tabs; see yaml.org/faq.html (path=)','warn',NULL,NULL,5993,47347962865060,'2018-05-13 11:47:51 +0800','2018-05-13 03:47:51.736456','2018-05-13 03:47:51.736456');
INSERT INTO logs VALUES(61,'hash reader - found tab (	) replacing w/ two spaces; yaml forbids tabs; see yaml.org/faq.html (path=)','warn',NULL,NULL,5993,47347962865060,'2018-05-13 11:47:51 +0800','2018-05-13 03:47:51.737617','2018-05-13 03:47:51.737617');
INSERT INTO logs VALUES(62,'hash reader - found tab (	) replacing w/ two spaces; yaml forbids tabs; see yaml.org/faq.html (path=)','warn',NULL,NULL,5993,47347962865060,'2018-05-13 11:47:51 +0800','2018-05-13 03:47:51.738382','2018-05-13 03:47:51.738382');
INSERT INTO logs VALUES(63,'hash reader - found tab (	) replacing w/ two spaces; yaml forbids tabs; see yaml.org/faq.html (path=)','warn',NULL,NULL,5993,47347962865060,'2018-05-13 11:47:51 +0800','2018-05-13 03:47:51.739134','2018-05-13 03:47:51.739134');
INSERT INTO logs VALUES(64,'hash reader - found tab (	) replacing w/ two spaces; yaml forbids tabs; see yaml.org/faq.html (path=)','warn',NULL,NULL,5993,47347962865060,'2018-05-13 11:47:51 +0800','2018-05-13 03:47:51.739915','2018-05-13 03:47:51.739915');
INSERT INTO logs VALUES(65,'hash reader - found tab (	) replacing w/ two spaces; yaml forbids tabs; see yaml.org/faq.html (path=)','warn',NULL,NULL,5993,47347962865060,'2018-05-13 11:47:51 +0800','2018-05-13 03:47:51.740734','2018-05-13 03:47:51.740734');
CREATE TABLE IF NOT EXISTS "ar_internal_metadata" ("key" varchar NOT NULL PRIMARY KEY, "value" varchar, "created_at" datetime NOT NULL, "updated_at" datetime NOT NULL);
INSERT INTO ar_internal_metadata VALUES('environment','default_env','2018-05-13 03:47:45.317907','2018-05-13 03:47:45.317907');
CREATE TABLE IF NOT EXISTS "props" ("id" integer PRIMARY KEY AUTOINCREMENT NOT NULL, "key" varchar NOT NULL, "value" varchar NOT NULL, "kind" varchar, "created_at" datetime NOT NULL, "updated_at" datetime NOT NULL);
INSERT INTO props VALUES(1,'db.schema.tag.version','1.0.0',NULL,'2018-05-13 03:47:45.335090','2018-05-13 03:47:45.335090');
INSERT INTO props VALUES(2,'db.schema.world.version','2.4.0',NULL,'2018-05-13 03:47:45.376749','2018-05-13 03:47:45.376749');
INSERT INTO props VALUES(3,'db.schema.person.version','0.5.0',NULL,'2018-05-13 03:47:45.382606','2018-05-13 03:47:45.382606');
INSERT INTO props VALUES(4,'db.schema.sport.version','1.17.0',NULL,'2018-05-13 03:47:45.466504','2018-05-13 03:47:45.466504');
CREATE TABLE IF NOT EXISTS "tags" ("id" integer PRIMARY KEY AUTOINCREMENT NOT NULL, "key" varchar NOT NULL, "slug" varchar NOT NULL, "name" varchar, "grade" integer DEFAULT 1 NOT NULL, "parent_id" integer, "created_at" datetime NOT NULL, "updated_at" datetime NOT NULL);
INSERT INTO tags VALUES(1,'africa','africa','africa',1,NULL,'2018-05-13 03:47:45.657211','2018-05-13 03:47:45.657211');
INSERT INTO tags VALUES(2,'antarctica','antarctica','antarctica',1,NULL,'2018-05-13 03:47:46.065550','2018-05-13 03:47:46.065550');
INSERT INTO tags VALUES(3,'asia','asia','asia',1,NULL,'2018-05-13 03:47:46.074168','2018-05-13 03:47:46.074168');
INSERT INTO tags VALUES(4,'caribbean','caribbean','caribbean',1,NULL,'2018-05-13 03:47:46.310898','2018-05-13 03:47:46.310898');
INSERT INTO tags VALUES(5,'central america','central_america','central america',1,NULL,'2018-05-13 03:47:46.403428','2018-05-13 03:47:46.403428');
INSERT INTO tags VALUES(6,'europe','europe','europe',1,NULL,'2018-05-13 03:47:46.457797','2018-05-13 03:47:46.457797');
INSERT INTO tags VALUES(7,'supra','supra','supra',1,NULL,'2018-05-13 03:47:46.460908','2018-05-13 03:47:46.460908');
INSERT INTO tags VALUES(8,'middle east','middle_east','middle east',1,NULL,'2018-05-13 03:47:46.752349','2018-05-13 03:47:46.752349');
INSERT INTO tags VALUES(9,'north america','north_america','north america',1,NULL,'2018-05-13 03:47:46.857588','2018-05-13 03:47:46.857588');
INSERT INTO tags VALUES(10,'pacific','pacific','pacific',1,NULL,'2018-05-13 03:47:46.876498','2018-05-13 03:47:46.876498');
INSERT INTO tags VALUES(11,'south america','south_america','south america',1,NULL,'2018-05-13 03:47:46.986172','2018-05-13 03:47:46.986172');
INSERT INTO tags VALUES(12,'territory','territory','territory',1,NULL,'2018-05-13 03:47:47.081332','2018-05-13 03:47:47.081332');
CREATE TABLE IF NOT EXISTS "taggings" ("id" integer PRIMARY KEY AUTOINCREMENT NOT NULL, "tag_id" integer NOT NULL, "taggable_type" varchar NOT NULL, "taggable_id" integer NOT NULL, "created_at" datetime NOT NULL, "updated_at" datetime NOT NULL);
INSERT INTO taggings VALUES(1,1,'WorldDb::Model::Country',1,'2018-05-13 03:47:45.675953','2018-05-13 03:47:45.675953');
INSERT INTO taggings VALUES(2,1,'WorldDb::Model::Country',2,'2018-05-13 03:47:45.684071','2018-05-13 03:47:45.684071');
INSERT INTO taggings VALUES(3,1,'WorldDb::Model::Country',3,'2018-05-13 03:47:45.691350','2018-05-13 03:47:45.691350');
INSERT INTO taggings VALUES(4,1,'WorldDb::Model::Country',4,'2018-05-13 03:47:45.699274','2018-05-13 03:47:45.699274');
INSERT INTO taggings VALUES(5,1,'WorldDb::Model::Country',5,'2018-05-13 03:47:45.706743','2018-05-13 03:47:45.706743');
INSERT INTO taggings VALUES(6,1,'WorldDb::Model::Country',6,'2018-05-13 03:47:45.714927','2018-05-13 03:47:45.714927');
INSERT INTO taggings VALUES(7,1,'WorldDb::Model::Country',7,'2018-05-13 03:47:45.722620','2018-05-13 03:47:45.722620');
INSERT INTO taggings VALUES(8,1,'WorldDb::Model::Country',8,'2018-05-13 03:47:45.735544','2018-05-13 03:47:45.735544');
INSERT INTO taggings VALUES(9,1,'WorldDb::Model::Country',9,'2018-05-13 03:47:45.743829','2018-05-13 03:47:45.743829');
INSERT INTO taggings VALUES(10,1,'WorldDb::Model::Country',10,'2018-05-13 03:47:45.751463','2018-05-13 03:47:45.751463');
INSERT INTO taggings VALUES(11,1,'WorldDb::Model::Country',11,'2018-05-13 03:47:45.759128','2018-05-13 03:47:45.759128');
INSERT INTO taggings VALUES(12,1,'WorldDb::Model::Country',12,'2018-05-13 03:47:45.766266','2018-05-13 03:47:45.766266');
INSERT INTO taggings VALUES(13,1,'WorldDb::Model::Country',13,'2018-05-13 03:47:45.774740','2018-05-13 03:47:45.774740');
INSERT INTO taggings VALUES(14,1,'WorldDb::Model::Country',14,'2018-05-13 03:47:45.782186','2018-05-13 03:47:45.782186');
INSERT INTO taggings VALUES(15,1,'WorldDb::Model::Country',15,'2018-05-13 03:47:45.789702','2018-05-13 03:47:45.789702');
INSERT INTO taggings VALUES(16,1,'WorldDb::Model::Country',16,'2018-05-13 03:47:45.796825','2018-05-13 03:47:45.796825');
INSERT INTO taggings VALUES(17,1,'WorldDb::Model::Country',17,'2018-05-13 03:47:45.805201','2018-05-13 03:47:45.805201');
INSERT INTO taggings VALUES(18,1,'WorldDb::Model::Country',18,'2018-05-13 03:47:45.812734','2018-05-13 03:47:45.812734');
INSERT INTO taggings VALUES(19,1,'WorldDb::Model::Country',19,'2018-05-13 03:47:45.820391','2018-05-13 03:47:45.820391');
INSERT INTO taggings VALUES(20,1,'WorldDb::Model::Country',20,'2018-05-13 03:47:45.827781','2018-05-13 03:47:45.827781');
INSERT INTO taggings VALUES(21,1,'WorldDb::Model::Country',21,'2018-05-13 03:47:45.835972','2018-05-13 03:47:45.835972');
INSERT INTO taggings VALUES(22,1,'WorldDb::Model::Country',22,'2018-05-13 03:47:45.844357','2018-05-13 03:47:45.844357');
INSERT INTO taggings VALUES(23,1,'WorldDb::Model::Country',23,'2018-05-13 03:47:45.852085','2018-05-13 03:47:45.852085');
INSERT INTO taggings VALUES(24,1,'WorldDb::Model::Country',24,'2018-05-13 03:47:45.859231','2018-05-13 03:47:45.859231');
INSERT INTO taggings VALUES(25,1,'WorldDb::Model::Country',25,'2018-05-13 03:47:45.867610','2018-05-13 03:47:45.867610');
INSERT INTO taggings VALUES(26,1,'WorldDb::Model::Country',26,'2018-05-13 03:47:45.875330','2018-05-13 03:47:45.875330');
INSERT INTO taggings VALUES(27,1,'WorldDb::Model::Country',27,'2018-05-13 03:47:45.884707','2018-05-13 03:47:45.884707');
INSERT INTO taggings VALUES(28,1,'WorldDb::Model::Country',28,'2018-05-13 03:47:45.889025','2018-05-13 03:47:45.889025');
INSERT INTO taggings VALUES(29,1,'WorldDb::Model::Country',29,'2018-05-13 03:47:45.893240','2018-05-13 03:47:45.893240');
INSERT INTO taggings VALUES(30,1,'WorldDb::Model::Country',30,'2018-05-13 03:47:45.898883','2018-05-13 03:47:45.898883');
INSERT INTO taggings VALUES(31,1,'WorldDb::Model::Country',31,'2018-05-13 03:47:45.903492','2018-05-13 03:47:45.903492');
INSERT INTO taggings VALUES(32,1,'WorldDb::Model::Country',32,'2018-05-13 03:47:45.910803','2018-05-13 03:47:45.910803');
INSERT INTO taggings VALUES(33,1,'WorldDb::Model::Country',33,'2018-05-13 03:47:45.918116','2018-05-13 03:47:45.918116');
INSERT INTO taggings VALUES(34,1,'WorldDb::Model::Country',34,'2018-05-13 03:47:45.922447','2018-05-13 03:47:45.922447');
INSERT INTO taggings VALUES(35,1,'WorldDb::Model::Country',35,'2018-05-13 03:47:45.930696','2018-05-13 03:47:45.930696');
INSERT INTO taggings VALUES(36,1,'WorldDb::Model::Country',36,'2018-05-13 03:47:45.938043','2018-05-13 03:47:45.938043');
INSERT INTO taggings VALUES(37,1,'WorldDb::Model::Country',37,'2018-05-13 03:47:45.945234','2018-05-13 03:47:45.945234');
INSERT INTO taggings VALUES(38,1,'WorldDb::Model::Country',38,'2018-05-13 03:47:45.952283','2018-05-13 03:47:45.952283');
INSERT INTO taggings VALUES(39,1,'WorldDb::Model::Country',39,'2018-05-13 03:47:45.960321','2018-05-13 03:47:45.960321');
INSERT INTO taggings VALUES(40,1,'WorldDb::Model::Country',40,'2018-05-13 03:47:45.967639','2018-05-13 03:47:45.967639');
INSERT INTO taggings VALUES(41,1,'WorldDb::Model::Country',41,'2018-05-13 03:47:45.975137','2018-05-13 03:47:45.975137');
INSERT INTO taggings VALUES(42,1,'WorldDb::Model::Country',42,'2018-05-13 03:47:45.979546','2018-05-13 03:47:45.979546');
INSERT INTO taggings VALUES(43,1,'WorldDb::Model::Country',43,'2018-05-13 03:47:45.983821','2018-05-13 03:47:45.983821');
INSERT INTO taggings VALUES(44,1,'WorldDb::Model::Country',44,'2018-05-13 03:47:45.988436','2018-05-13 03:47:45.988436');
INSERT INTO taggings VALUES(45,1,'WorldDb::Model::Country',45,'2018-05-13 03:47:45.996451','2018-05-13 03:47:45.996451');
INSERT INTO taggings VALUES(46,1,'WorldDb::Model::Country',46,'2018-05-13 03:47:46.004029','2018-05-13 03:47:46.004029');
INSERT INTO taggings VALUES(47,1,'WorldDb::Model::Country',47,'2018-05-13 03:47:46.011463','2018-05-13 03:47:46.011463');
INSERT INTO taggings VALUES(48,1,'WorldDb::Model::Country',48,'2018-05-13 03:47:46.022580','2018-05-13 03:47:46.022580');
INSERT INTO taggings VALUES(49,1,'WorldDb::Model::Country',49,'2018-05-13 03:47:46.027326','2018-05-13 03:47:46.027326');
INSERT INTO taggings VALUES(50,1,'WorldDb::Model::Country',50,'2018-05-13 03:47:46.034639','2018-05-13 03:47:46.034639');
INSERT INTO taggings VALUES(51,1,'WorldDb::Model::Country',51,'2018-05-13 03:47:46.039100','2018-05-13 03:47:46.039100');
INSERT INTO taggings VALUES(52,1,'WorldDb::Model::Country',52,'2018-05-13 03:47:46.046239','2018-05-13 03:47:46.046239');
INSERT INTO taggings VALUES(53,1,'WorldDb::Model::Country',53,'2018-05-13 03:47:46.053787','2018-05-13 03:47:46.053787');
INSERT INTO taggings VALUES(54,1,'WorldDb::Model::Country',54,'2018-05-13 03:47:46.061417','2018-05-13 03:47:46.061417');
INSERT INTO taggings VALUES(55,2,'WorldDb::Model::Country',55,'2018-05-13 03:47:46.067507','2018-05-13 03:47:46.067507');
INSERT INTO taggings VALUES(56,3,'WorldDb::Model::Country',56,'2018-05-13 03:47:46.076107','2018-05-13 03:47:46.076107');
INSERT INTO taggings VALUES(57,3,'WorldDb::Model::Country',57,'2018-05-13 03:47:46.083533','2018-05-13 03:47:46.083533');
INSERT INTO taggings VALUES(58,3,'WorldDb::Model::Country',58,'2018-05-13 03:47:46.091308','2018-05-13 03:47:46.091308');
INSERT INTO taggings VALUES(59,3,'WorldDb::Model::Country',59,'2018-05-13 03:47:46.098625','2018-05-13 03:47:46.098625');
INSERT INTO taggings VALUES(60,3,'WorldDb::Model::Country',60,'2018-05-13 03:47:46.105706','2018-05-13 03:47:46.105706');
INSERT INTO taggings VALUES(61,3,'WorldDb::Model::Country',61,'2018-05-13 03:47:46.113064','2018-05-13 03:47:46.113064');
INSERT INTO taggings VALUES(62,3,'WorldDb::Model::Country',62,'2018-05-13 03:47:46.121053','2018-05-13 03:47:46.121053');
INSERT INTO taggings VALUES(63,3,'WorldDb::Model::Country',63,'2018-05-13 03:47:46.128635','2018-05-13 03:47:46.128635');
INSERT INTO taggings VALUES(64,3,'WorldDb::Model::Country',64,'2018-05-13 03:47:46.135890','2018-05-13 03:47:46.135890');
INSERT INTO taggings VALUES(65,3,'WorldDb::Model::Country',65,'2018-05-13 03:47:46.143204','2018-05-13 03:47:46.143204');
INSERT INTO taggings VALUES(66,3,'WorldDb::Model::Country',66,'2018-05-13 03:47:46.151382','2018-05-13 03:47:46.151382');
INSERT INTO taggings VALUES(67,3,'WorldDb::Model::Country',67,'2018-05-13 03:47:46.160718','2018-05-13 03:47:46.160718');
INSERT INTO taggings VALUES(68,3,'WorldDb::Model::Country',68,'2018-05-13 03:47:46.168262','2018-05-13 03:47:46.168262');
INSERT INTO taggings VALUES(69,3,'WorldDb::Model::Country',69,'2018-05-13 03:47:46.176656','2018-05-13 03:47:46.176656');
INSERT INTO taggings VALUES(70,3,'WorldDb::Model::Country',70,'2018-05-13 03:47:46.184499','2018-05-13 03:47:46.184499');
INSERT INTO taggings VALUES(71,3,'WorldDb::Model::Country',71,'2018-05-13 03:47:46.191979','2018-05-13 03:47:46.191979');
INSERT INTO taggings VALUES(72,3,'WorldDb::Model::Country',72,'2018-05-13 03:47:46.199128','2018-05-13 03:47:46.199128');
INSERT INTO taggings VALUES(73,3,'WorldDb::Model::Country',73,'2018-05-13 03:47:46.206358','2018-05-13 03:47:46.206358');
INSERT INTO taggings VALUES(74,3,'WorldDb::Model::Country',74,'2018-05-13 03:47:46.214719','2018-05-13 03:47:46.214719');
INSERT INTO taggings VALUES(75,3,'WorldDb::Model::Country',75,'2018-05-13 03:47:46.222205','2018-05-13 03:47:46.222205');
INSERT INTO taggings VALUES(76,3,'WorldDb::Model::Country',76,'2018-05-13 03:47:46.229335','2018-05-13 03:47:46.229335');
INSERT INTO taggings VALUES(77,3,'WorldDb::Model::Country',77,'2018-05-13 03:47:46.236316','2018-05-13 03:47:46.236316');
INSERT INTO taggings VALUES(78,3,'WorldDb::Model::Country',78,'2018-05-13 03:47:46.244770','2018-05-13 03:47:46.244770');
INSERT INTO taggings VALUES(79,3,'WorldDb::Model::Country',79,'2018-05-13 03:47:46.252237','2018-05-13 03:47:46.252237');
INSERT INTO taggings VALUES(80,3,'WorldDb::Model::Country',80,'2018-05-13 03:47:46.259473','2018-05-13 03:47:46.259473');
INSERT INTO taggings VALUES(81,3,'WorldDb::Model::Country',81,'2018-05-13 03:47:46.266803','2018-05-13 03:47:46.266803');
INSERT INTO taggings VALUES(82,3,'WorldDb::Model::Country',82,'2018-05-13 03:47:46.275187','2018-05-13 03:47:46.275187');
INSERT INTO taggings VALUES(83,3,'WorldDb::Model::Country',83,'2018-05-13 03:47:46.283257','2018-05-13 03:47:46.283257');
INSERT INTO taggings VALUES(84,3,'WorldDb::Model::Country',84,'2018-05-13 03:47:46.296788','2018-05-13 03:47:46.296788');
INSERT INTO taggings VALUES(85,3,'WorldDb::Model::Country',85,'2018-05-13 03:47:46.306424','2018-05-13 03:47:46.306424');
INSERT INTO taggings VALUES(86,4,'WorldDb::Model::Country',86,'2018-05-13 03:47:46.313002','2018-05-13 03:47:46.313002');
INSERT INTO taggings VALUES(87,4,'WorldDb::Model::Country',87,'2018-05-13 03:47:46.317394','2018-05-13 03:47:46.317394');
INSERT INTO taggings VALUES(88,4,'WorldDb::Model::Country',88,'2018-05-13 03:47:46.321583','2018-05-13 03:47:46.321583');
INSERT INTO taggings VALUES(89,4,'WorldDb::Model::Country',89,'2018-05-13 03:47:46.328739','2018-05-13 03:47:46.328739');
INSERT INTO taggings VALUES(90,4,'WorldDb::Model::Country',90,'2018-05-13 03:47:46.336584','2018-05-13 03:47:46.336584');
INSERT INTO taggings VALUES(91,4,'WorldDb::Model::Country',91,'2018-05-13 03:47:46.344055','2018-05-13 03:47:46.344055');
INSERT INTO taggings VALUES(92,4,'WorldDb::Model::Country',92,'2018-05-13 03:47:46.351374','2018-05-13 03:47:46.351374');
INSERT INTO taggings VALUES(93,4,'WorldDb::Model::Country',93,'2018-05-13 03:47:46.358430','2018-05-13 03:47:46.358430');
INSERT INTO taggings VALUES(94,4,'WorldDb::Model::Country',94,'2018-05-13 03:47:46.366628','2018-05-13 03:47:46.366628');
INSERT INTO taggings VALUES(95,4,'WorldDb::Model::Country',95,'2018-05-13 03:47:46.374022','2018-05-13 03:47:46.374022');
INSERT INTO taggings VALUES(96,4,'WorldDb::Model::Country',96,'2018-05-13 03:47:46.381407','2018-05-13 03:47:46.381407');
INSERT INTO taggings VALUES(97,4,'WorldDb::Model::Country',97,'2018-05-13 03:47:46.388397','2018-05-13 03:47:46.388397');
INSERT INTO taggings VALUES(98,4,'WorldDb::Model::Country',98,'2018-05-13 03:47:46.396538','2018-05-13 03:47:46.396538');
INSERT INTO taggings VALUES(99,5,'WorldDb::Model::Country',99,'2018-05-13 03:47:46.405454','2018-05-13 03:47:46.405454');
INSERT INTO taggings VALUES(100,5,'WorldDb::Model::Country',100,'2018-05-13 03:47:46.412951','2018-05-13 03:47:46.412951');
INSERT INTO taggings VALUES(101,5,'WorldDb::Model::Country',101,'2018-05-13 03:47:46.420199','2018-05-13 03:47:46.420199');
INSERT INTO taggings VALUES(102,5,'WorldDb::Model::Country',102,'2018-05-13 03:47:46.428357','2018-05-13 03:47:46.428357');
INSERT INTO taggings VALUES(103,5,'WorldDb::Model::Country',103,'2018-05-13 03:47:46.435911','2018-05-13 03:47:46.435911');
INSERT INTO taggings VALUES(104,5,'WorldDb::Model::Country',104,'2018-05-13 03:47:46.445313','2018-05-13 03:47:46.445313');
INSERT INTO taggings VALUES(105,5,'WorldDb::Model::Country',105,'2018-05-13 03:47:46.452967','2018-05-13 03:47:46.452967');
INSERT INTO taggings VALUES(106,6,'WorldDb::Model::Country',106,'2018-05-13 03:47:46.459853','2018-05-13 03:47:46.459853');
INSERT INTO taggings VALUES(107,7,'WorldDb::Model::Country',106,'2018-05-13 03:47:46.462278','2018-05-13 03:47:46.462278');
INSERT INTO taggings VALUES(108,6,'WorldDb::Model::Country',107,'2018-05-13 03:47:46.470167','2018-05-13 03:47:46.470167');
INSERT INTO taggings VALUES(109,6,'WorldDb::Model::Country',108,'2018-05-13 03:47:46.477816','2018-05-13 03:47:46.477816');
INSERT INTO taggings VALUES(110,6,'WorldDb::Model::Country',109,'2018-05-13 03:47:46.485249','2018-05-13 03:47:46.485249');
INSERT INTO taggings VALUES(111,6,'WorldDb::Model::Country',110,'2018-05-13 03:47:46.493770','2018-05-13 03:47:46.493770');
INSERT INTO taggings VALUES(112,6,'WorldDb::Model::Country',111,'2018-05-13 03:47:46.501425','2018-05-13 03:47:46.501425');
INSERT INTO taggings VALUES(113,6,'WorldDb::Model::Country',112,'2018-05-13 03:47:46.508800','2018-05-13 03:47:46.508800');
INSERT INTO taggings VALUES(114,6,'WorldDb::Model::Country',113,'2018-05-13 03:47:46.516021','2018-05-13 03:47:46.516021');
INSERT INTO taggings VALUES(115,6,'WorldDb::Model::Country',114,'2018-05-13 03:47:46.524586','2018-05-13 03:47:46.524586');
INSERT INTO taggings VALUES(116,6,'WorldDb::Model::Country',115,'2018-05-13 03:47:46.532095','2018-05-13 03:47:46.532095');
INSERT INTO taggings VALUES(117,6,'WorldDb::Model::Country',116,'2018-05-13 03:47:46.539735','2018-05-13 03:47:46.539735');
INSERT INTO taggings VALUES(118,6,'WorldDb::Model::Country',117,'2018-05-13 03:47:46.544387','2018-05-13 03:47:46.544387');
INSERT INTO taggings VALUES(119,6,'WorldDb::Model::Country',118,'2018-05-13 03:47:46.548937','2018-05-13 03:47:46.548937');
INSERT INTO taggings VALUES(120,6,'WorldDb::Model::Country',119,'2018-05-13 03:47:46.554674','2018-05-13 03:47:46.554674');
INSERT INTO taggings VALUES(121,6,'WorldDb::Model::Country',120,'2018-05-13 03:47:46.559586','2018-05-13 03:47:46.559586');
INSERT INTO taggings VALUES(122,6,'WorldDb::Model::Country',121,'2018-05-13 03:47:46.564650','2018-05-13 03:47:46.564650');
INSERT INTO taggings VALUES(123,6,'WorldDb::Model::Country',122,'2018-05-13 03:47:46.569456','2018-05-13 03:47:46.569456');
INSERT INTO taggings VALUES(124,6,'WorldDb::Model::Country',123,'2018-05-13 03:47:46.574250','2018-05-13 03:47:46.574250');
INSERT INTO taggings VALUES(125,6,'WorldDb::Model::Country',124,'2018-05-13 03:47:46.581023','2018-05-13 03:47:46.581023');
INSERT INTO taggings VALUES(126,6,'WorldDb::Model::Country',125,'2018-05-13 03:47:46.585885','2018-05-13 03:47:46.585885');
INSERT INTO taggings VALUES(127,6,'WorldDb::Model::Country',126,'2018-05-13 03:47:46.590446','2018-05-13 03:47:46.590446');
INSERT INTO taggings VALUES(128,6,'WorldDb::Model::Country',127,'2018-05-13 03:47:46.594962','2018-05-13 03:47:46.594962');
INSERT INTO taggings VALUES(129,6,'WorldDb::Model::Country',128,'2018-05-13 03:47:46.599567','2018-05-13 03:47:46.599567');
INSERT INTO taggings VALUES(130,6,'WorldDb::Model::Country',129,'2018-05-13 03:47:46.604024','2018-05-13 03:47:46.604024');
INSERT INTO taggings VALUES(131,6,'WorldDb::Model::Country',130,'2018-05-13 03:47:46.608504','2018-05-13 03:47:46.608504');
INSERT INTO taggings VALUES(132,6,'WorldDb::Model::Country',131,'2018-05-13 03:47:46.612988','2018-05-13 03:47:46.612988');
INSERT INTO taggings VALUES(133,6,'WorldDb::Model::Country',132,'2018-05-13 03:47:46.617483','2018-05-13 03:47:46.617483');
INSERT INTO taggings VALUES(134,6,'WorldDb::Model::Country',133,'2018-05-13 03:47:46.621990','2018-05-13 03:47:46.621990');
INSERT INTO taggings VALUES(135,6,'WorldDb::Model::Country',134,'2018-05-13 03:47:46.626226','2018-05-13 03:47:46.626226');
INSERT INTO taggings VALUES(136,6,'WorldDb::Model::Country',135,'2018-05-13 03:47:46.630376','2018-05-13 03:47:46.630376');
INSERT INTO taggings VALUES(137,6,'WorldDb::Model::Country',136,'2018-05-13 03:47:46.634536','2018-05-13 03:47:46.634536');
INSERT INTO taggings VALUES(138,6,'WorldDb::Model::Country',137,'2018-05-13 03:47:46.638721','2018-05-13 03:47:46.638721');
INSERT INTO taggings VALUES(139,6,'WorldDb::Model::Country',138,'2018-05-13 03:47:46.642859','2018-05-13 03:47:46.642859');
INSERT INTO taggings VALUES(140,6,'WorldDb::Model::Country',139,'2018-05-13 03:47:46.647057','2018-05-13 03:47:46.647057');
INSERT INTO taggings VALUES(141,6,'WorldDb::Model::Country',140,'2018-05-13 03:47:46.651257','2018-05-13 03:47:46.651257');
INSERT INTO taggings VALUES(142,6,'WorldDb::Model::Country',141,'2018-05-13 03:47:46.655466','2018-05-13 03:47:46.655466');
INSERT INTO taggings VALUES(143,6,'WorldDb::Model::Country',142,'2018-05-13 03:47:46.659718','2018-05-13 03:47:46.659718');
INSERT INTO taggings VALUES(144,6,'WorldDb::Model::Country',143,'2018-05-13 03:47:46.663971','2018-05-13 03:47:46.663971');
INSERT INTO taggings VALUES(145,6,'WorldDb::Model::Country',144,'2018-05-13 03:47:46.668263','2018-05-13 03:47:46.668263');
INSERT INTO taggings VALUES(146,6,'WorldDb::Model::Country',145,'2018-05-13 03:47:46.672532','2018-05-13 03:47:46.672532');
INSERT INTO taggings VALUES(147,6,'WorldDb::Model::Country',146,'2018-05-13 03:47:46.679865','2018-05-13 03:47:46.679865');
INSERT INTO taggings VALUES(148,6,'WorldDb::Model::Country',147,'2018-05-13 03:47:46.687084','2018-05-13 03:47:46.687084');
INSERT INTO taggings VALUES(149,6,'WorldDb::Model::Country',148,'2018-05-13 03:47:46.695452','2018-05-13 03:47:46.695452');
INSERT INTO taggings VALUES(150,6,'WorldDb::Model::Country',149,'2018-05-13 03:47:46.705453','2018-05-13 03:47:46.705453');
INSERT INTO taggings VALUES(151,6,'WorldDb::Model::Country',150,'2018-05-13 03:47:46.713661','2018-05-13 03:47:46.713661');
INSERT INTO taggings VALUES(152,6,'WorldDb::Model::Country',151,'2018-05-13 03:47:46.721021','2018-05-13 03:47:46.721021');
INSERT INTO taggings VALUES(153,6,'WorldDb::Model::Country',152,'2018-05-13 03:47:46.728239','2018-05-13 03:47:46.728239');
INSERT INTO taggings VALUES(154,6,'WorldDb::Model::Country',153,'2018-05-13 03:47:46.732528','2018-05-13 03:47:46.732528');
INSERT INTO taggings VALUES(155,6,'WorldDb::Model::Country',154,'2018-05-13 03:47:46.737671','2018-05-13 03:47:46.737671');
INSERT INTO taggings VALUES(156,6,'WorldDb::Model::Country',155,'2018-05-13 03:47:46.745489','2018-05-13 03:47:46.745489');
INSERT INTO taggings VALUES(157,8,'WorldDb::Model::Country',156,'2018-05-13 03:47:46.754448','2018-05-13 03:47:46.754448');
INSERT INTO taggings VALUES(158,8,'WorldDb::Model::Country',157,'2018-05-13 03:47:46.761699','2018-05-13 03:47:46.761699');
INSERT INTO taggings VALUES(159,8,'WorldDb::Model::Country',158,'2018-05-13 03:47:46.769271','2018-05-13 03:47:46.769271');
INSERT INTO taggings VALUES(160,8,'WorldDb::Model::Country',159,'2018-05-13 03:47:46.777669','2018-05-13 03:47:46.777669');
INSERT INTO taggings VALUES(161,8,'WorldDb::Model::Country',160,'2018-05-13 03:47:46.785001','2018-05-13 03:47:46.785001');
INSERT INTO taggings VALUES(162,8,'WorldDb::Model::Country',161,'2018-05-13 03:47:46.792482','2018-05-13 03:47:46.792482');
INSERT INTO taggings VALUES(163,8,'WorldDb::Model::Country',162,'2018-05-13 03:47:46.800359','2018-05-13 03:47:46.800359');
INSERT INTO taggings VALUES(164,8,'WorldDb::Model::Country',163,'2018-05-13 03:47:46.808405','2018-05-13 03:47:46.808405');
INSERT INTO taggings VALUES(165,8,'WorldDb::Model::Country',164,'2018-05-13 03:47:46.816132','2018-05-13 03:47:46.816132');
INSERT INTO taggings VALUES(166,8,'WorldDb::Model::Country',165,'2018-05-13 03:47:46.823519','2018-05-13 03:47:46.823519');
INSERT INTO taggings VALUES(167,8,'WorldDb::Model::Country',166,'2018-05-13 03:47:46.831766','2018-05-13 03:47:46.831766');
INSERT INTO taggings VALUES(168,8,'WorldDb::Model::Country',167,'2018-05-13 03:47:46.836541','2018-05-13 03:47:46.836541');
INSERT INTO taggings VALUES(169,8,'WorldDb::Model::Country',168,'2018-05-13 03:47:46.846324','2018-05-13 03:47:46.846324');
INSERT INTO taggings VALUES(170,8,'WorldDb::Model::Country',169,'2018-05-13 03:47:46.853563','2018-05-13 03:47:46.853563');
INSERT INTO taggings VALUES(171,9,'WorldDb::Model::Country',170,'2018-05-13 03:47:46.859790','2018-05-13 03:47:46.859790');
INSERT INTO taggings VALUES(172,9,'WorldDb::Model::Country',171,'2018-05-13 03:47:46.864843','2018-05-13 03:47:46.864843');
INSERT INTO taggings VALUES(173,9,'WorldDb::Model::Country',172,'2018-05-13 03:47:46.869451','2018-05-13 03:47:46.869451');
INSERT INTO taggings VALUES(174,10,'WorldDb::Model::Country',173,'2018-05-13 03:47:46.878476','2018-05-13 03:47:46.878476');
INSERT INTO taggings VALUES(175,10,'WorldDb::Model::Country',174,'2018-05-13 03:47:46.885765','2018-05-13 03:47:46.885765');
INSERT INTO taggings VALUES(176,10,'WorldDb::Model::Country',175,'2018-05-13 03:47:46.893375','2018-05-13 03:47:46.893375');
INSERT INTO taggings VALUES(177,10,'WorldDb::Model::Country',176,'2018-05-13 03:47:46.900830','2018-05-13 03:47:46.900830');
INSERT INTO taggings VALUES(178,10,'WorldDb::Model::Country',177,'2018-05-13 03:47:46.908348','2018-05-13 03:47:46.908348');
INSERT INTO taggings VALUES(179,10,'WorldDb::Model::Country',178,'2018-05-13 03:47:46.915374','2018-05-13 03:47:46.915374');
INSERT INTO taggings VALUES(180,10,'WorldDb::Model::Country',179,'2018-05-13 03:47:46.922851','2018-05-13 03:47:46.922851');
INSERT INTO taggings VALUES(181,10,'WorldDb::Model::Country',180,'2018-05-13 03:47:46.930855','2018-05-13 03:47:46.930855');
INSERT INTO taggings VALUES(182,10,'WorldDb::Model::Country',181,'2018-05-13 03:47:46.938467','2018-05-13 03:47:46.938467');
INSERT INTO taggings VALUES(183,10,'WorldDb::Model::Country',182,'2018-05-13 03:47:46.945845','2018-05-13 03:47:46.945845');
INSERT INTO taggings VALUES(184,10,'WorldDb::Model::Country',183,'2018-05-13 03:47:46.953521','2018-05-13 03:47:46.953521');
INSERT INTO taggings VALUES(185,10,'WorldDb::Model::Country',184,'2018-05-13 03:47:46.961432','2018-05-13 03:47:46.961432');
INSERT INTO taggings VALUES(186,10,'WorldDb::Model::Country',185,'2018-05-13 03:47:46.969280','2018-05-13 03:47:46.969280');
INSERT INTO taggings VALUES(187,10,'WorldDb::Model::Country',186,'2018-05-13 03:47:46.978974','2018-05-13 03:47:46.978974');
INSERT INTO taggings VALUES(188,11,'WorldDb::Model::Country',187,'2018-05-13 03:47:46.988290','2018-05-13 03:47:46.988290');
INSERT INTO taggings VALUES(189,11,'WorldDb::Model::Country',188,'2018-05-13 03:47:46.995807','2018-05-13 03:47:46.995807');
INSERT INTO taggings VALUES(190,11,'WorldDb::Model::Country',189,'2018-05-13 03:47:47.003373','2018-05-13 03:47:47.003373');
INSERT INTO taggings VALUES(191,11,'WorldDb::Model::Country',190,'2018-05-13 03:47:47.010527','2018-05-13 03:47:47.010527');
INSERT INTO taggings VALUES(192,11,'WorldDb::Model::Country',191,'2018-05-13 03:47:47.018736','2018-05-13 03:47:47.018736');
INSERT INTO taggings VALUES(193,11,'WorldDb::Model::Country',192,'2018-05-13 03:47:47.026061','2018-05-13 03:47:47.026061');
INSERT INTO taggings VALUES(194,11,'WorldDb::Model::Country',193,'2018-05-13 03:47:47.033411','2018-05-13 03:47:47.033411');
INSERT INTO taggings VALUES(195,11,'WorldDb::Model::Country',194,'2018-05-13 03:47:47.040491','2018-05-13 03:47:47.040491');
INSERT INTO taggings VALUES(196,11,'WorldDb::Model::Country',195,'2018-05-13 03:47:47.048614','2018-05-13 03:47:47.048614');
INSERT INTO taggings VALUES(197,11,'WorldDb::Model::Country',196,'2018-05-13 03:47:47.056425','2018-05-13 03:47:47.056425');
INSERT INTO taggings VALUES(198,11,'WorldDb::Model::Country',197,'2018-05-13 03:47:47.063947','2018-05-13 03:47:47.063947');
INSERT INTO taggings VALUES(199,11,'WorldDb::Model::Country',198,'2018-05-13 03:47:47.071493','2018-05-13 03:47:47.071493');
INSERT INTO taggings VALUES(200,1,'WorldDb::Model::Country',199,'2018-05-13 03:47:47.080160','2018-05-13 03:47:47.080160');
INSERT INTO taggings VALUES(201,12,'WorldDb::Model::Country',199,'2018-05-13 03:47:47.082705','2018-05-13 03:47:47.082705');
INSERT INTO taggings VALUES(202,1,'WorldDb::Model::Country',200,'2018-05-13 03:47:47.087684','2018-05-13 03:47:47.087684');
INSERT INTO taggings VALUES(203,12,'WorldDb::Model::Country',200,'2018-05-13 03:47:47.089194','2018-05-13 03:47:47.089194');
INSERT INTO taggings VALUES(204,1,'WorldDb::Model::Country',201,'2018-05-13 03:47:47.096962','2018-05-13 03:47:47.096962');
INSERT INTO taggings VALUES(205,12,'WorldDb::Model::Country',201,'2018-05-13 03:47:47.098604','2018-05-13 03:47:47.098604');
INSERT INTO taggings VALUES(206,2,'WorldDb::Model::Country',202,'2018-05-13 03:47:47.104092','2018-05-13 03:47:47.104092');
INSERT INTO taggings VALUES(207,12,'WorldDb::Model::Country',202,'2018-05-13 03:47:47.107368','2018-05-13 03:47:47.107368');
INSERT INTO taggings VALUES(208,2,'WorldDb::Model::Country',203,'2018-05-13 03:47:47.116140','2018-05-13 03:47:47.116140');
INSERT INTO taggings VALUES(209,12,'WorldDb::Model::Country',203,'2018-05-13 03:47:47.117627','2018-05-13 03:47:47.117627');
INSERT INTO taggings VALUES(210,2,'WorldDb::Model::Country',204,'2018-05-13 03:47:47.122460','2018-05-13 03:47:47.122460');
INSERT INTO taggings VALUES(211,12,'WorldDb::Model::Country',204,'2018-05-13 03:47:47.123998','2018-05-13 03:47:47.123998');
INSERT INTO taggings VALUES(212,2,'WorldDb::Model::Country',205,'2018-05-13 03:47:47.132190','2018-05-13 03:47:47.132190');
INSERT INTO taggings VALUES(213,12,'WorldDb::Model::Country',205,'2018-05-13 03:47:47.133986','2018-05-13 03:47:47.133986');
INSERT INTO taggings VALUES(214,3,'WorldDb::Model::Country',206,'2018-05-13 03:47:47.140622','2018-05-13 03:47:47.140622');
INSERT INTO taggings VALUES(215,12,'WorldDb::Model::Country',206,'2018-05-13 03:47:47.142627','2018-05-13 03:47:47.142627');
INSERT INTO taggings VALUES(216,3,'WorldDb::Model::Country',207,'2018-05-13 03:47:47.148421','2018-05-13 03:47:47.148421');
INSERT INTO taggings VALUES(217,12,'WorldDb::Model::Country',207,'2018-05-13 03:47:47.150443','2018-05-13 03:47:47.150443');
INSERT INTO taggings VALUES(218,3,'WorldDb::Model::Country',208,'2018-05-13 03:47:47.159349','2018-05-13 03:47:47.159349');
INSERT INTO taggings VALUES(219,12,'WorldDb::Model::Country',208,'2018-05-13 03:47:47.160918','2018-05-13 03:47:47.160918');
INSERT INTO taggings VALUES(220,3,'WorldDb::Model::Country',209,'2018-05-13 03:47:47.168798','2018-05-13 03:47:47.168798');
INSERT INTO taggings VALUES(221,12,'WorldDb::Model::Country',209,'2018-05-13 03:47:47.170332','2018-05-13 03:47:47.170332');
INSERT INTO taggings VALUES(222,3,'WorldDb::Model::Country',210,'2018-05-13 03:47:47.179401','2018-05-13 03:47:47.179401');
INSERT INTO taggings VALUES(223,12,'WorldDb::Model::Country',210,'2018-05-13 03:47:47.180873','2018-05-13 03:47:47.180873');
INSERT INTO taggings VALUES(224,4,'WorldDb::Model::Country',211,'2018-05-13 03:47:47.186441','2018-05-13 03:47:47.186441');
INSERT INTO taggings VALUES(225,12,'WorldDb::Model::Country',211,'2018-05-13 03:47:47.187909','2018-05-13 03:47:47.187909');
INSERT INTO taggings VALUES(226,4,'WorldDb::Model::Country',212,'2018-05-13 03:47:47.195459','2018-05-13 03:47:47.195459');
INSERT INTO taggings VALUES(227,12,'WorldDb::Model::Country',212,'2018-05-13 03:47:47.196920','2018-05-13 03:47:47.196920');
INSERT INTO taggings VALUES(228,4,'WorldDb::Model::Country',213,'2018-05-13 03:47:47.201685','2018-05-13 03:47:47.201685');
INSERT INTO taggings VALUES(229,12,'WorldDb::Model::Country',213,'2018-05-13 03:47:47.204115','2018-05-13 03:47:47.204115');
INSERT INTO taggings VALUES(230,4,'WorldDb::Model::Country',214,'2018-05-13 03:47:47.209013','2018-05-13 03:47:47.209013');
INSERT INTO taggings VALUES(231,12,'WorldDb::Model::Country',214,'2018-05-13 03:47:47.210594','2018-05-13 03:47:47.210594');
INSERT INTO taggings VALUES(232,4,'WorldDb::Model::Country',215,'2018-05-13 03:47:47.215520','2018-05-13 03:47:47.215520');
INSERT INTO taggings VALUES(233,12,'WorldDb::Model::Country',215,'2018-05-13 03:47:47.217062','2018-05-13 03:47:47.217062');
INSERT INTO taggings VALUES(234,4,'WorldDb::Model::Country',216,'2018-05-13 03:47:47.224667','2018-05-13 03:47:47.224667');
INSERT INTO taggings VALUES(235,12,'WorldDb::Model::Country',216,'2018-05-13 03:47:47.226129','2018-05-13 03:47:47.226129');
INSERT INTO taggings VALUES(236,4,'WorldDb::Model::Country',217,'2018-05-13 03:47:47.234459','2018-05-13 03:47:47.234459');
INSERT INTO taggings VALUES(237,12,'WorldDb::Model::Country',217,'2018-05-13 03:47:47.236492','2018-05-13 03:47:47.236492');
INSERT INTO taggings VALUES(238,4,'WorldDb::Model::Country',218,'2018-05-13 03:47:47.246786','2018-05-13 03:47:47.246786');
INSERT INTO taggings VALUES(239,12,'WorldDb::Model::Country',218,'2018-05-13 03:47:47.248326','2018-05-13 03:47:47.248326');
INSERT INTO taggings VALUES(240,4,'WorldDb::Model::Country',219,'2018-05-13 03:47:47.256011','2018-05-13 03:47:47.256011');
INSERT INTO taggings VALUES(241,12,'WorldDb::Model::Country',219,'2018-05-13 03:47:47.257457','2018-05-13 03:47:47.257457');
INSERT INTO taggings VALUES(242,4,'WorldDb::Model::Country',220,'2018-05-13 03:47:47.265156','2018-05-13 03:47:47.265156');
INSERT INTO taggings VALUES(243,12,'WorldDb::Model::Country',220,'2018-05-13 03:47:47.267003','2018-05-13 03:47:47.267003');
INSERT INTO taggings VALUES(244,4,'WorldDb::Model::Country',221,'2018-05-13 03:47:47.276247','2018-05-13 03:47:47.276247');
INSERT INTO taggings VALUES(245,12,'WorldDb::Model::Country',221,'2018-05-13 03:47:47.277867','2018-05-13 03:47:47.277867');
INSERT INTO taggings VALUES(246,4,'WorldDb::Model::Country',222,'2018-05-13 03:47:47.285637','2018-05-13 03:47:47.285637');
INSERT INTO taggings VALUES(247,12,'WorldDb::Model::Country',222,'2018-05-13 03:47:47.287132','2018-05-13 03:47:47.287132');
INSERT INTO taggings VALUES(248,4,'WorldDb::Model::Country',223,'2018-05-13 03:47:47.294638','2018-05-13 03:47:47.294638');
INSERT INTO taggings VALUES(249,12,'WorldDb::Model::Country',223,'2018-05-13 03:47:47.296702','2018-05-13 03:47:47.296702');
INSERT INTO taggings VALUES(250,4,'WorldDb::Model::Country',224,'2018-05-13 03:47:47.304623','2018-05-13 03:47:47.304623');
INSERT INTO taggings VALUES(251,12,'WorldDb::Model::Country',224,'2018-05-13 03:47:47.306095','2018-05-13 03:47:47.306095');
INSERT INTO taggings VALUES(252,6,'WorldDb::Model::Country',225,'2018-05-13 03:47:47.311888','2018-05-13 03:47:47.311888');
INSERT INTO taggings VALUES(253,12,'WorldDb::Model::Country',225,'2018-05-13 03:47:47.313392','2018-05-13 03:47:47.313392');
INSERT INTO taggings VALUES(254,6,'WorldDb::Model::Country',226,'2018-05-13 03:47:47.317906','2018-05-13 03:47:47.317906');
INSERT INTO taggings VALUES(255,12,'WorldDb::Model::Country',226,'2018-05-13 03:47:47.319404','2018-05-13 03:47:47.319404');
INSERT INTO taggings VALUES(256,6,'WorldDb::Model::Country',227,'2018-05-13 03:47:47.323883','2018-05-13 03:47:47.323883');
INSERT INTO taggings VALUES(257,12,'WorldDb::Model::Country',227,'2018-05-13 03:47:47.325311','2018-05-13 03:47:47.325311');
INSERT INTO taggings VALUES(258,6,'WorldDb::Model::Country',228,'2018-05-13 03:47:47.333624','2018-05-13 03:47:47.333624');
INSERT INTO taggings VALUES(259,12,'WorldDb::Model::Country',228,'2018-05-13 03:47:47.335155','2018-05-13 03:47:47.335155');
INSERT INTO taggings VALUES(260,6,'WorldDb::Model::Country',229,'2018-05-13 03:47:47.339947','2018-05-13 03:47:47.339947');
INSERT INTO taggings VALUES(261,12,'WorldDb::Model::Country',229,'2018-05-13 03:47:47.341405','2018-05-13 03:47:47.341405');
INSERT INTO taggings VALUES(262,6,'WorldDb::Model::Country',230,'2018-05-13 03:47:47.346235','2018-05-13 03:47:47.346235');
INSERT INTO taggings VALUES(263,12,'WorldDb::Model::Country',230,'2018-05-13 03:47:47.350099','2018-05-13 03:47:47.350099');
INSERT INTO taggings VALUES(264,6,'WorldDb::Model::Country',231,'2018-05-13 03:47:47.358019','2018-05-13 03:47:47.358019');
INSERT INTO taggings VALUES(265,12,'WorldDb::Model::Country',231,'2018-05-13 03:47:47.360262','2018-05-13 03:47:47.360262');
INSERT INTO taggings VALUES(266,6,'WorldDb::Model::Country',232,'2018-05-13 03:47:47.366598','2018-05-13 03:47:47.366598');
INSERT INTO taggings VALUES(267,12,'WorldDb::Model::Country',232,'2018-05-13 03:47:47.368166','2018-05-13 03:47:47.368166');
INSERT INTO taggings VALUES(268,6,'WorldDb::Model::Country',233,'2018-05-13 03:47:47.373016','2018-05-13 03:47:47.373016');
INSERT INTO taggings VALUES(269,12,'WorldDb::Model::Country',233,'2018-05-13 03:47:47.374539','2018-05-13 03:47:47.374539');
INSERT INTO taggings VALUES(270,6,'WorldDb::Model::Country',234,'2018-05-13 03:47:47.381600','2018-05-13 03:47:47.381600');
INSERT INTO taggings VALUES(271,12,'WorldDb::Model::Country',234,'2018-05-13 03:47:47.383075','2018-05-13 03:47:47.383075');
INSERT INTO taggings VALUES(272,9,'WorldDb::Model::Country',235,'2018-05-13 03:47:47.388302','2018-05-13 03:47:47.388302');
INSERT INTO taggings VALUES(273,12,'WorldDb::Model::Country',235,'2018-05-13 03:47:47.390128','2018-05-13 03:47:47.390128');
INSERT INTO taggings VALUES(274,9,'WorldDb::Model::Country',236,'2018-05-13 03:47:47.395170','2018-05-13 03:47:47.395170');
INSERT INTO taggings VALUES(275,12,'WorldDb::Model::Country',236,'2018-05-13 03:47:47.396632','2018-05-13 03:47:47.396632');
INSERT INTO taggings VALUES(276,9,'WorldDb::Model::Country',237,'2018-05-13 03:47:47.404279','2018-05-13 03:47:47.404279');
INSERT INTO taggings VALUES(277,12,'WorldDb::Model::Country',237,'2018-05-13 03:47:47.405728','2018-05-13 03:47:47.405728');
INSERT INTO taggings VALUES(278,10,'WorldDb::Model::Country',238,'2018-05-13 03:47:47.410993','2018-05-13 03:47:47.410993');
INSERT INTO taggings VALUES(279,12,'WorldDb::Model::Country',238,'2018-05-13 03:47:47.412479','2018-05-13 03:47:47.412479');
INSERT INTO taggings VALUES(280,10,'WorldDb::Model::Country',239,'2018-05-13 03:47:47.420005','2018-05-13 03:47:47.420005');
INSERT INTO taggings VALUES(281,12,'WorldDb::Model::Country',239,'2018-05-13 03:47:47.421813','2018-05-13 03:47:47.421813');
INSERT INTO taggings VALUES(282,10,'WorldDb::Model::Country',240,'2018-05-13 03:47:47.426801','2018-05-13 03:47:47.426801');
INSERT INTO taggings VALUES(283,12,'WorldDb::Model::Country',240,'2018-05-13 03:47:47.428244','2018-05-13 03:47:47.428244');
INSERT INTO taggings VALUES(284,10,'WorldDb::Model::Country',241,'2018-05-13 03:47:47.432708','2018-05-13 03:47:47.432708');
INSERT INTO taggings VALUES(285,12,'WorldDb::Model::Country',241,'2018-05-13 03:47:47.434354','2018-05-13 03:47:47.434354');
INSERT INTO taggings VALUES(286,10,'WorldDb::Model::Country',242,'2018-05-13 03:47:47.438990','2018-05-13 03:47:47.438990');
INSERT INTO taggings VALUES(287,12,'WorldDb::Model::Country',242,'2018-05-13 03:47:47.440443','2018-05-13 03:47:47.440443');
INSERT INTO taggings VALUES(288,10,'WorldDb::Model::Country',243,'2018-05-13 03:47:47.447828','2018-05-13 03:47:47.447828');
INSERT INTO taggings VALUES(289,12,'WorldDb::Model::Country',243,'2018-05-13 03:47:47.449258','2018-05-13 03:47:47.449258');
INSERT INTO taggings VALUES(290,10,'WorldDb::Model::Country',244,'2018-05-13 03:47:47.454494','2018-05-13 03:47:47.454494');
INSERT INTO taggings VALUES(291,12,'WorldDb::Model::Country',244,'2018-05-13 03:47:47.456040','2018-05-13 03:47:47.456040');
INSERT INTO taggings VALUES(292,10,'WorldDb::Model::Country',245,'2018-05-13 03:47:47.463753','2018-05-13 03:47:47.463753');
INSERT INTO taggings VALUES(293,12,'WorldDb::Model::Country',245,'2018-05-13 03:47:47.465277','2018-05-13 03:47:47.465277');
INSERT INTO taggings VALUES(294,10,'WorldDb::Model::Country',246,'2018-05-13 03:47:47.473072','2018-05-13 03:47:47.473072');
INSERT INTO taggings VALUES(295,12,'WorldDb::Model::Country',246,'2018-05-13 03:47:47.474592','2018-05-13 03:47:47.474592');
INSERT INTO taggings VALUES(296,10,'WorldDb::Model::Country',247,'2018-05-13 03:47:47.482382','2018-05-13 03:47:47.482382');
INSERT INTO taggings VALUES(297,12,'WorldDb::Model::Country',247,'2018-05-13 03:47:47.484232','2018-05-13 03:47:47.484232');
INSERT INTO taggings VALUES(298,10,'WorldDb::Model::Country',248,'2018-05-13 03:47:47.492038','2018-05-13 03:47:47.492038');
INSERT INTO taggings VALUES(299,12,'WorldDb::Model::Country',248,'2018-05-13 03:47:47.493532','2018-05-13 03:47:47.493532');
INSERT INTO taggings VALUES(300,11,'WorldDb::Model::Country',249,'2018-05-13 03:47:47.502185','2018-05-13 03:47:47.502185');
INSERT INTO taggings VALUES(301,12,'WorldDb::Model::Country',249,'2018-05-13 03:47:47.506078','2018-05-13 03:47:47.506078');
INSERT INTO taggings VALUES(302,11,'WorldDb::Model::Country',250,'2018-05-13 03:47:47.514636','2018-05-13 03:47:47.514636');
INSERT INTO taggings VALUES(303,12,'WorldDb::Model::Country',250,'2018-05-13 03:47:47.516585','2018-05-13 03:47:47.516585');
CREATE TABLE IF NOT EXISTS "places" ("id" integer PRIMARY KEY AUTOINCREMENT NOT NULL, "name" varchar NOT NULL, "kind" varchar NOT NULL, "lat" float, "lng" float, "created_at" datetime NOT NULL, "updated_at" datetime NOT NULL);
INSERT INTO places VALUES(1,'Europe','CONT',NULL,NULL,'2018-05-13 03:47:45.566750','2018-05-13 03:47:45.566750');
INSERT INTO places VALUES(2,'South America','CONT',NULL,NULL,'2018-05-13 03:47:45.569082','2018-05-13 03:47:45.569082');
INSERT INTO places VALUES(3,'North America','CONT',NULL,NULL,'2018-05-13 03:47:45.570813','2018-05-13 03:47:45.570813');
INSERT INTO places VALUES(4,'Central America','CONT',NULL,NULL,'2018-05-13 03:47:45.572519','2018-05-13 03:47:45.572519');
INSERT INTO places VALUES(5,'Caribbean','CONT',NULL,NULL,'2018-05-13 03:47:45.574203','2018-05-13 03:47:45.574203');
INSERT INTO places VALUES(6,'Africa','CONT',NULL,NULL,'2018-05-13 03:47:45.575861','2018-05-13 03:47:45.575861');
INSERT INTO places VALUES(7,'Middle East','CONT',NULL,NULL,'2018-05-13 03:47:45.577515','2018-05-13 03:47:45.577515');
INSERT INTO places VALUES(8,'Asia','CONT',NULL,NULL,'2018-05-13 03:47:45.579504','2018-05-13 03:47:45.579504');
INSERT INTO places VALUES(9,'Pacific','CONT',NULL,NULL,'2018-05-13 03:47:45.581829','2018-05-13 03:47:45.581829');
INSERT INTO places VALUES(10,'Antarctica','CONT',NULL,NULL,'2018-05-13 03:47:45.583727','2018-05-13 03:47:45.583727');
INSERT INTO places VALUES(11,'Burundi','CNTY',NULL,NULL,'2018-05-13 03:47:45.617645','2018-05-13 03:47:45.617645');
INSERT INTO places VALUES(12,'Bujumbura','CITY',NULL,NULL,'2018-05-13 03:47:45.637150','2018-05-13 03:47:45.637150');
INSERT INTO places VALUES(13,'Comoros','CNTY',NULL,NULL,'2018-05-13 03:47:45.678095','2018-05-13 03:47:45.678095');
INSERT INTO places VALUES(14,'Moroni','CITY',NULL,NULL,'2018-05-13 03:47:45.680418','2018-05-13 03:47:45.680418');
INSERT INTO places VALUES(15,'Djibouti','CNTY',NULL,NULL,'2018-05-13 03:47:45.685743','2018-05-13 03:47:45.685743');
INSERT INTO places VALUES(16,'Djibouti','CITY',NULL,NULL,'2018-05-13 03:47:45.687951','2018-05-13 03:47:45.687951');
INSERT INTO places VALUES(17,'Eritrea','CNTY',NULL,NULL,'2018-05-13 03:47:45.693248','2018-05-13 03:47:45.693248');
INSERT INTO places VALUES(18,'Asmara','CITY',NULL,NULL,'2018-05-13 03:47:45.695737','2018-05-13 03:47:45.695737');
INSERT INTO places VALUES(19,'Ethiopia','CNTY',NULL,NULL,'2018-05-13 03:47:45.700884','2018-05-13 03:47:45.700884');
INSERT INTO places VALUES(20,'Addis Ababa','CITY',NULL,NULL,'2018-05-13 03:47:45.703051','2018-05-13 03:47:45.703051');
INSERT INTO places VALUES(21,'Kenya','CNTY',NULL,NULL,'2018-05-13 03:47:45.708626','2018-05-13 03:47:45.708626');
INSERT INTO places VALUES(22,'Nairobi','CITY',NULL,NULL,'2018-05-13 03:47:45.711216','2018-05-13 03:47:45.711216');
INSERT INTO places VALUES(23,'Madagascar','CNTY',NULL,NULL,'2018-05-13 03:47:45.716656','2018-05-13 03:47:45.716656');
INSERT INTO places VALUES(24,'Antananarivo','CITY',NULL,NULL,'2018-05-13 03:47:45.718915','2018-05-13 03:47:45.718915');
INSERT INTO places VALUES(25,'Malawi','CNTY',NULL,NULL,'2018-05-13 03:47:45.724529','2018-05-13 03:47:45.724529');
INSERT INTO places VALUES(26,'Lilongwe','CITY',NULL,NULL,'2018-05-13 03:47:45.731284','2018-05-13 03:47:45.731284');
INSERT INTO places VALUES(27,'Mauritius','CNTY',NULL,NULL,'2018-05-13 03:47:45.737309','2018-05-13 03:47:45.737309');
INSERT INTO places VALUES(28,'Port Louis','CITY',NULL,NULL,'2018-05-13 03:47:45.739769','2018-05-13 03:47:45.739769');
INSERT INTO places VALUES(29,'Mozambique','CNTY',NULL,NULL,'2018-05-13 03:47:45.745577','2018-05-13 03:47:45.745577');
INSERT INTO places VALUES(30,'Maputo','CITY',NULL,NULL,'2018-05-13 03:47:45.747838','2018-05-13 03:47:45.747838');
INSERT INTO places VALUES(31,'Rwanda','CNTY',NULL,NULL,'2018-05-13 03:47:45.753227','2018-05-13 03:47:45.753227');
INSERT INTO places VALUES(32,'Kigali','CITY',NULL,NULL,'2018-05-13 03:47:45.755639','2018-05-13 03:47:45.755639');
INSERT INTO places VALUES(33,'Seychelles','CNTY',NULL,NULL,'2018-05-13 03:47:45.760703','2018-05-13 03:47:45.760703');
INSERT INTO places VALUES(34,'Victoria','CITY',NULL,NULL,'2018-05-13 03:47:45.762797','2018-05-13 03:47:45.762797');
INSERT INTO places VALUES(35,'Somalia','CNTY',NULL,NULL,'2018-05-13 03:47:45.767874','2018-05-13 03:47:45.767874');
INSERT INTO places VALUES(36,'Mogadishu','CITY',NULL,NULL,'2018-05-13 03:47:45.770073','2018-05-13 03:47:45.770073');
INSERT INTO places VALUES(37,'Tanzania','CNTY',NULL,NULL,'2018-05-13 03:47:45.776495','2018-05-13 03:47:45.776495');
INSERT INTO places VALUES(38,'Dodoma','CITY',NULL,NULL,'2018-05-13 03:47:45.778781','2018-05-13 03:47:45.778781');
INSERT INTO places VALUES(39,'Uganda','CNTY',NULL,NULL,'2018-05-13 03:47:45.784044','2018-05-13 03:47:45.784044');
INSERT INTO places VALUES(40,'Kampala','CITY',NULL,NULL,'2018-05-13 03:47:45.786272','2018-05-13 03:47:45.786272');
INSERT INTO places VALUES(41,'Zambia','CNTY',NULL,NULL,'2018-05-13 03:47:45.791385','2018-05-13 03:47:45.791385');
INSERT INTO places VALUES(42,'Lusaka','CITY',NULL,NULL,'2018-05-13 03:47:45.793442','2018-05-13 03:47:45.793442');
INSERT INTO places VALUES(43,'Zimbabwe','CNTY',NULL,NULL,'2018-05-13 03:47:45.798515','2018-05-13 03:47:45.798515');
INSERT INTO places VALUES(44,'Harare','CITY',NULL,NULL,'2018-05-13 03:47:45.801033','2018-05-13 03:47:45.801033');
INSERT INTO places VALUES(45,'Angola','CNTY',NULL,NULL,'2018-05-13 03:47:45.807014','2018-05-13 03:47:45.807014');
INSERT INTO places VALUES(46,'Luanda','CITY',NULL,NULL,'2018-05-13 03:47:45.809268','2018-05-13 03:47:45.809268');
INSERT INTO places VALUES(47,'Cameroon','CNTY',NULL,NULL,'2018-05-13 03:47:45.814536','2018-05-13 03:47:45.814536');
INSERT INTO places VALUES(48,'Yaound','CITY',NULL,NULL,'2018-05-13 03:47:45.816775','2018-05-13 03:47:45.816775');
INSERT INTO places VALUES(49,'Central African Republic','CNTY',NULL,NULL,'2018-05-13 03:47:45.822069','2018-05-13 03:47:45.822069');
INSERT INTO places VALUES(50,'Bangui','CITY',NULL,NULL,'2018-05-13 03:47:45.824334','2018-05-13 03:47:45.824334');
INSERT INTO places VALUES(51,'Chad','CNTY',NULL,NULL,'2018-05-13 03:47:45.829388','2018-05-13 03:47:45.829388');
INSERT INTO places VALUES(52,'N''Djamena','CITY',NULL,NULL,'2018-05-13 03:47:45.831852','2018-05-13 03:47:45.831852');
INSERT INTO places VALUES(53,'Congo','CNTY',NULL,NULL,'2018-05-13 03:47:45.837683','2018-05-13 03:47:45.837683');
INSERT INTO places VALUES(54,'Brazzaville','CITY',NULL,NULL,'2018-05-13 03:47:45.839895','2018-05-13 03:47:45.839895');
INSERT INTO places VALUES(55,'Congo DR','CNTY',NULL,NULL,'2018-05-13 03:47:45.846247','2018-05-13 03:47:45.846247');
INSERT INTO places VALUES(56,'Kinshasa','CITY',NULL,NULL,'2018-05-13 03:47:45.848457','2018-05-13 03:47:45.848457');
INSERT INTO places VALUES(57,'Equatorial Guinea','CNTY',NULL,NULL,'2018-05-13 03:47:45.853710','2018-05-13 03:47:45.853710');
INSERT INTO places VALUES(58,'Malabo','CITY',NULL,NULL,'2018-05-13 03:47:45.855854','2018-05-13 03:47:45.855854');
INSERT INTO places VALUES(59,'Gabon','CNTY',NULL,NULL,'2018-05-13 03:47:45.860884','2018-05-13 03:47:45.860884');
INSERT INTO places VALUES(60,'Libreville','CITY',NULL,NULL,'2018-05-13 03:47:45.863382','2018-05-13 03:47:45.863382');
INSERT INTO places VALUES(61,'So Tom and Prncipe','CNTY',NULL,NULL,'2018-05-13 03:47:45.869417','2018-05-13 03:47:45.869417');
INSERT INTO places VALUES(62,'So Tom','CITY',NULL,NULL,'2018-05-13 03:47:45.871690','2018-05-13 03:47:45.871690');
INSERT INTO places VALUES(63,'Algeria','CNTY',NULL,NULL,'2018-05-13 03:47:45.881500','2018-05-13 03:47:45.881500');
INSERT INTO places VALUES(64,'Egypt','CNTY',NULL,NULL,'2018-05-13 03:47:45.886331','2018-05-13 03:47:45.886331');
INSERT INTO places VALUES(65,'Morocco','CNTY',NULL,NULL,'2018-05-13 03:47:45.890588','2018-05-13 03:47:45.890588');
INSERT INTO places VALUES(66,'Libya','CNTY',NULL,NULL,'2018-05-13 03:47:45.895619','2018-05-13 03:47:45.895619');
INSERT INTO places VALUES(67,'Tunisia','CNTY',NULL,NULL,'2018-05-13 03:47:45.900550','2018-05-13 03:47:45.900550');
INSERT INTO places VALUES(68,'South Sudan','CNTY',NULL,NULL,'2018-05-13 03:47:45.905096','2018-05-13 03:47:45.905096');
INSERT INTO places VALUES(69,'Juba','CITY',NULL,NULL,'2018-05-13 03:47:45.907271','2018-05-13 03:47:45.907271');
INSERT INTO places VALUES(70,'Sudan','CNTY',NULL,NULL,'2018-05-13 03:47:45.912483','2018-05-13 03:47:45.912483');
INSERT INTO places VALUES(71,'Khartoum','CITY',NULL,NULL,'2018-05-13 03:47:45.914707','2018-05-13 03:47:45.914707');
INSERT INTO places VALUES(72,'South Africa','CNTY',NULL,NULL,'2018-05-13 03:47:45.919697','2018-05-13 03:47:45.919697');
INSERT INTO places VALUES(73,'Botswana','CNTY',NULL,NULL,'2018-05-13 03:47:45.924013','2018-05-13 03:47:45.924013');
INSERT INTO places VALUES(74,'Gaborone','CITY',NULL,NULL,'2018-05-13 03:47:45.926900','2018-05-13 03:47:45.926900');
INSERT INTO places VALUES(75,'Lesotho','CNTY',NULL,NULL,'2018-05-13 03:47:45.932386','2018-05-13 03:47:45.932386');
INSERT INTO places VALUES(76,'Maseru','CITY',NULL,NULL,'2018-05-13 03:47:45.934581','2018-05-13 03:47:45.934581');
INSERT INTO places VALUES(77,'Namibia','CNTY',NULL,NULL,'2018-05-13 03:47:45.939762','2018-05-13 03:47:45.939762');
INSERT INTO places VALUES(78,'Windhoek','CITY',NULL,NULL,'2018-05-13 03:47:45.941906','2018-05-13 03:47:45.941906');
INSERT INTO places VALUES(79,'Swaziland','CNTY',NULL,NULL,'2018-05-13 03:47:45.946909','2018-05-13 03:47:45.946909');
INSERT INTO places VALUES(80,'Lobamba','CITY',NULL,NULL,'2018-05-13 03:47:45.948992','2018-05-13 03:47:45.948992');
INSERT INTO places VALUES(81,'Benin','CNTY',NULL,NULL,'2018-05-13 03:47:45.953850','2018-05-13 03:47:45.953850');
INSERT INTO places VALUES(82,'Porto-Novo','CITY',NULL,NULL,'2018-05-13 03:47:45.956136','2018-05-13 03:47:45.956136');
INSERT INTO places VALUES(83,'Burkina Faso','CNTY',NULL,NULL,'2018-05-13 03:47:45.962016','2018-05-13 03:47:45.962016');
INSERT INTO places VALUES(84,'Ouagadougou','CITY',NULL,NULL,'2018-05-13 03:47:45.964232','2018-05-13 03:47:45.964232');
INSERT INTO places VALUES(85,'Cape Verde','CNTY',NULL,NULL,'2018-05-13 03:47:45.969374','2018-05-13 03:47:45.969374');
INSERT INTO places VALUES(86,'Praia','CITY',NULL,NULL,'2018-05-13 03:47:45.971608','2018-05-13 03:47:45.971608');
INSERT INTO places VALUES(87,'Cte d''Ivoire','CNTY',NULL,NULL,'2018-05-13 03:47:45.976802','2018-05-13 03:47:45.976802');
INSERT INTO places VALUES(88,'Gambia','CNTY',NULL,NULL,'2018-05-13 03:47:45.981096','2018-05-13 03:47:45.981096');
INSERT INTO places VALUES(89,'Ghana','CNTY',NULL,NULL,'2018-05-13 03:47:45.985346','2018-05-13 03:47:45.985346');
INSERT INTO places VALUES(90,'Guinea','CNTY',NULL,NULL,'2018-05-13 03:47:45.990613','2018-05-13 03:47:45.990613');
INSERT INTO places VALUES(91,'Conakry','CITY',NULL,NULL,'2018-05-13 03:47:45.992901','2018-05-13 03:47:45.992901');
INSERT INTO places VALUES(92,'Guinea-Bissau','CNTY',NULL,NULL,'2018-05-13 03:47:45.998121','2018-05-13 03:47:45.998121');
INSERT INTO places VALUES(93,'Bissau','CITY',NULL,NULL,'2018-05-13 03:47:46.000349','2018-05-13 03:47:46.000349');
INSERT INTO places VALUES(94,'Liberia','CNTY',NULL,NULL,'2018-05-13 03:47:46.005787','2018-05-13 03:47:46.005787');
INSERT INTO places VALUES(95,'Monrovia','CITY',NULL,NULL,'2018-05-13 03:47:46.008026','2018-05-13 03:47:46.008026');
INSERT INTO places VALUES(96,'Mali','CNTY',NULL,NULL,'2018-05-13 03:47:46.013157','2018-05-13 03:47:46.013157');
INSERT INTO places VALUES(97,'Bamako','CITY',NULL,NULL,'2018-05-13 03:47:46.015365','2018-05-13 03:47:46.015365');
INSERT INTO places VALUES(98,'Mauritania','CNTY',NULL,NULL,'2018-05-13 03:47:46.024506','2018-05-13 03:47:46.024506');
INSERT INTO places VALUES(99,'Niger','CNTY',NULL,NULL,'2018-05-13 03:47:46.028894','2018-05-13 03:47:46.028894');
INSERT INTO places VALUES(100,'Niamey','CITY',NULL,NULL,'2018-05-13 03:47:46.031086','2018-05-13 03:47:46.031086');
INSERT INTO places VALUES(101,'Nigeria','CNTY',NULL,NULL,'2018-05-13 03:47:46.036369','2018-05-13 03:47:46.036369');
INSERT INTO places VALUES(102,'Senegal','CNTY',NULL,NULL,'2018-05-13 03:47:46.040678','2018-05-13 03:47:46.040678');
INSERT INTO places VALUES(103,'Dakar','CITY',NULL,NULL,'2018-05-13 03:47:46.042852','2018-05-13 03:47:46.042852');
INSERT INTO places VALUES(104,'Sierra Leone','CNTY',NULL,NULL,'2018-05-13 03:47:46.047827','2018-05-13 03:47:46.047827');
INSERT INTO places VALUES(105,'Freetown','CITY',NULL,NULL,'2018-05-13 03:47:46.049909','2018-05-13 03:47:46.049909');
INSERT INTO places VALUES(106,'Togo','CNTY',NULL,NULL,'2018-05-13 03:47:46.055693','2018-05-13 03:47:46.055693');
INSERT INTO places VALUES(107,'Lom','CITY',NULL,NULL,'2018-05-13 03:47:46.057859','2018-05-13 03:47:46.057859');
INSERT INTO places VALUES(108,'Antarctica','CNTY',NULL,NULL,'2018-05-13 03:47:46.063679','2018-05-13 03:47:46.063679');
INSERT INTO places VALUES(109,'Kazakhstan','CNTY',NULL,NULL,'2018-05-13 03:47:46.069579','2018-05-13 03:47:46.069579');
INSERT INTO places VALUES(110,'Astana','CITY',NULL,NULL,'2018-05-13 03:47:46.071759','2018-05-13 03:47:46.071759');
INSERT INTO places VALUES(111,'Kyrgyzstan','CNTY',NULL,NULL,'2018-05-13 03:47:46.077681','2018-05-13 03:47:46.077681');
INSERT INTO places VALUES(112,'Bishkek','CITY',NULL,NULL,'2018-05-13 03:47:46.079856','2018-05-13 03:47:46.079856');
INSERT INTO places VALUES(113,'Tajikistan','CNTY',NULL,NULL,'2018-05-13 03:47:46.085571','2018-05-13 03:47:46.085571');
INSERT INTO places VALUES(114,'Dushanbe','CITY',NULL,NULL,'2018-05-13 03:47:46.087804','2018-05-13 03:47:46.087804');
INSERT INTO places VALUES(115,'Turkmenistan','CNTY',NULL,NULL,'2018-05-13 03:47:46.092975','2018-05-13 03:47:46.092975');
INSERT INTO places VALUES(116,'Ashgabat','CITY',NULL,NULL,'2018-05-13 03:47:46.095243','2018-05-13 03:47:46.095243');
INSERT INTO places VALUES(117,'Uzbekistan','CNTY',NULL,NULL,'2018-05-13 03:47:46.100243','2018-05-13 03:47:46.100243');
INSERT INTO places VALUES(118,'Tashkent','CITY',NULL,NULL,'2018-05-13 03:47:46.102435','2018-05-13 03:47:46.102435');
INSERT INTO places VALUES(119,'Japan','CNTY',NULL,NULL,'2018-05-13 03:47:46.107413','2018-05-13 03:47:46.107413');
INSERT INTO places VALUES(120,'Tokyo','CITY',NULL,NULL,'2018-05-13 03:47:46.109591','2018-05-13 03:47:46.109591');
INSERT INTO places VALUES(121,'North Korea','CNTY',NULL,NULL,'2018-05-13 03:47:46.115137','2018-05-13 03:47:46.115137');
INSERT INTO places VALUES(122,'Pyongyang','CITY',NULL,NULL,'2018-05-13 03:47:46.117510','2018-05-13 03:47:46.117510');
INSERT INTO places VALUES(123,'South Korea','CNTY',NULL,NULL,'2018-05-13 03:47:46.122701','2018-05-13 03:47:46.122701');
INSERT INTO places VALUES(124,'Seoul','CITY',NULL,NULL,'2018-05-13 03:47:46.124927','2018-05-13 03:47:46.124927');
INSERT INTO places VALUES(125,'China','CNTY',NULL,NULL,'2018-05-13 03:47:46.130290','2018-05-13 03:47:46.130290');
INSERT INTO places VALUES(126,'Beijing','CITY',NULL,NULL,'2018-05-13 03:47:46.132502','2018-05-13 03:47:46.132502');
INSERT INTO places VALUES(127,'Taiwan','CNTY',NULL,NULL,'2018-05-13 03:47:46.137471','2018-05-13 03:47:46.137471');
INSERT INTO places VALUES(128,'Taipei','CITY',NULL,NULL,'2018-05-13 03:47:46.139775','2018-05-13 03:47:46.139775');
INSERT INTO places VALUES(129,'Mongolia','CNTY',NULL,NULL,'2018-05-13 03:47:46.145018','2018-05-13 03:47:46.145018');
INSERT INTO places VALUES(130,'Ulan Bator','CITY',NULL,NULL,'2018-05-13 03:47:46.147679','2018-05-13 03:47:46.147679');
INSERT INTO places VALUES(131,'Pakistan','CNTY',NULL,NULL,'2018-05-13 03:47:46.153051','2018-05-13 03:47:46.153051');
INSERT INTO places VALUES(132,'Islamabad','CITY',NULL,NULL,'2018-05-13 03:47:46.155354','2018-05-13 03:47:46.155354');
INSERT INTO places VALUES(133,'India','CNTY',NULL,NULL,'2018-05-13 03:47:46.162637','2018-05-13 03:47:46.162637');
INSERT INTO places VALUES(134,'New Delhi','CITY',NULL,NULL,'2018-05-13 03:47:46.164886','2018-05-13 03:47:46.164886');
INSERT INTO places VALUES(135,'Bangladesh','CNTY',NULL,NULL,'2018-05-13 03:47:46.169984','2018-05-13 03:47:46.169984');
INSERT INTO places VALUES(136,'Dhaka','CITY',NULL,NULL,'2018-05-13 03:47:46.172428','2018-05-13 03:47:46.172428');
INSERT INTO places VALUES(137,'Nepal','CNTY',NULL,NULL,'2018-05-13 03:47:46.178692','2018-05-13 03:47:46.178692');
INSERT INTO places VALUES(138,'Kathmandu','CITY',NULL,NULL,'2018-05-13 03:47:46.180979','2018-05-13 03:47:46.180979');
INSERT INTO places VALUES(139,'Sri Lanka','CNTY',NULL,NULL,'2018-05-13 03:47:46.186052','2018-05-13 03:47:46.186052');
INSERT INTO places VALUES(140,'Colombo','CITY',NULL,NULL,'2018-05-13 03:47:46.188531','2018-05-13 03:47:46.188531');
INSERT INTO places VALUES(141,'Bhutan','CNTY',NULL,NULL,'2018-05-13 03:47:46.193545','2018-05-13 03:47:46.193545');
INSERT INTO places VALUES(142,'Thimphu','CITY',NULL,NULL,'2018-05-13 03:47:46.195694','2018-05-13 03:47:46.195694');
INSERT INTO places VALUES(143,'Maldives','CNTY',NULL,NULL,'2018-05-13 03:47:46.200774','2018-05-13 03:47:46.200774');
INSERT INTO places VALUES(144,'Mal','CITY',NULL,NULL,'2018-05-13 03:47:46.202927','2018-05-13 03:47:46.202927');
INSERT INTO places VALUES(145,'Afghanistan','CNTY',NULL,NULL,'2018-05-13 03:47:46.208854','2018-05-13 03:47:46.208854');
INSERT INTO places VALUES(146,'Kabul','CITY',NULL,NULL,'2018-05-13 03:47:46.211214','2018-05-13 03:47:46.211214');
INSERT INTO places VALUES(147,'Indonesia','CNTY',NULL,NULL,'2018-05-13 03:47:46.216296','2018-05-13 03:47:46.216296');
INSERT INTO places VALUES(148,'Jakarta','CITY',NULL,NULL,'2018-05-13 03:47:46.218461','2018-05-13 03:47:46.218461');
INSERT INTO places VALUES(149,'Malaysia','CNTY',NULL,NULL,'2018-05-13 03:47:46.223850','2018-05-13 03:47:46.223850');
INSERT INTO places VALUES(150,'Kuala Lumpur','CITY',NULL,NULL,'2018-05-13 03:47:46.226005','2018-05-13 03:47:46.226005');
INSERT INTO places VALUES(151,'Singapore','CNTY',NULL,NULL,'2018-05-13 03:47:46.230878','2018-05-13 03:47:46.230878');
INSERT INTO places VALUES(152,'Singapore','CITY',NULL,NULL,'2018-05-13 03:47:46.232981','2018-05-13 03:47:46.232981');
INSERT INTO places VALUES(153,'Thailand','CNTY',NULL,NULL,'2018-05-13 03:47:46.238244','2018-05-13 03:47:46.238244');
INSERT INTO places VALUES(154,'Bangkok','CITY',NULL,NULL,'2018-05-13 03:47:46.241222','2018-05-13 03:47:46.241222');
INSERT INTO places VALUES(155,'Philippines','CNTY',NULL,NULL,'2018-05-13 03:47:46.246494','2018-05-13 03:47:46.246494');
INSERT INTO places VALUES(156,'Manila','CITY',NULL,NULL,'2018-05-13 03:47:46.248637','2018-05-13 03:47:46.248637');
INSERT INTO places VALUES(157,'Vietnam','CNTY',NULL,NULL,'2018-05-13 03:47:46.253880','2018-05-13 03:47:46.253880');
INSERT INTO places VALUES(158,'Hanoi','CITY',NULL,NULL,'2018-05-13 03:47:46.256048','2018-05-13 03:47:46.256048');
INSERT INTO places VALUES(159,'Brunei','CNTY',NULL,NULL,'2018-05-13 03:47:46.261085','2018-05-13 03:47:46.261085');
INSERT INTO places VALUES(160,'Bandar Seri Begawan','CITY',NULL,NULL,'2018-05-13 03:47:46.263348','2018-05-13 03:47:46.263348');
INSERT INTO places VALUES(161,'Myanmar','CNTY',NULL,NULL,'2018-05-13 03:47:46.268441','2018-05-13 03:47:46.268441');
INSERT INTO places VALUES(162,'Naypyidaw','CITY',NULL,NULL,'2018-05-13 03:47:46.271538','2018-05-13 03:47:46.271538');
INSERT INTO places VALUES(163,'Cambodia','CNTY',NULL,NULL,'2018-05-13 03:47:46.276855','2018-05-13 03:47:46.276855');
INSERT INTO places VALUES(164,'Phnom Penh','CITY',NULL,NULL,'2018-05-13 03:47:46.279052','2018-05-13 03:47:46.279052');
INSERT INTO places VALUES(165,'Timor-Leste','CNTY',NULL,NULL,'2018-05-13 03:47:46.286969','2018-05-13 03:47:46.286969');
INSERT INTO places VALUES(166,'Dili','CITY',NULL,NULL,'2018-05-13 03:47:46.292020','2018-05-13 03:47:46.292020');
INSERT INTO places VALUES(167,'Laos','CNTY',NULL,NULL,'2018-05-13 03:47:46.298428','2018-05-13 03:47:46.298428');
INSERT INTO places VALUES(168,'Vientiane','CITY',NULL,NULL,'2018-05-13 03:47:46.300823','2018-05-13 03:47:46.300823');
INSERT INTO places VALUES(169,'Cuba','CNTY',NULL,NULL,'2018-05-13 03:47:46.309042','2018-05-13 03:47:46.309042');
INSERT INTO places VALUES(170,'Jamaica','CNTY',NULL,NULL,'2018-05-13 03:47:46.314674','2018-05-13 03:47:46.314674');
INSERT INTO places VALUES(171,'Dominican Republic','CNTY',NULL,NULL,'2018-05-13 03:47:46.318965','2018-05-13 03:47:46.318965');
INSERT INTO places VALUES(172,'Haiti','CNTY',NULL,NULL,'2018-05-13 03:47:46.323160','2018-05-13 03:47:46.323160');
INSERT INTO places VALUES(173,'Port-au-Prince','CITY',NULL,NULL,'2018-05-13 03:47:46.325364','2018-05-13 03:47:46.325364');
INSERT INTO places VALUES(174,'Antigua and Barbuda','CNTY',NULL,NULL,'2018-05-13 03:47:46.330386','2018-05-13 03:47:46.330386');
INSERT INTO places VALUES(175,'Saint John''s','CITY',NULL,NULL,'2018-05-13 03:47:46.333005','2018-05-13 03:47:46.333005');
INSERT INTO places VALUES(176,'Bahamas','CNTY',NULL,NULL,'2018-05-13 03:47:46.338294','2018-05-13 03:47:46.338294');
INSERT INTO places VALUES(177,'Nassau','CITY',NULL,NULL,'2018-05-13 03:47:46.340518','2018-05-13 03:47:46.340518');
INSERT INTO places VALUES(178,'Barbados','CNTY',NULL,NULL,'2018-05-13 03:47:46.345730','2018-05-13 03:47:46.345730');
INSERT INTO places VALUES(179,'Bridgetown','CITY',NULL,NULL,'2018-05-13 03:47:46.347959','2018-05-13 03:47:46.347959');
INSERT INTO places VALUES(180,'Dominica','CNTY',NULL,NULL,'2018-05-13 03:47:46.352982','2018-05-13 03:47:46.352982');
INSERT INTO places VALUES(181,'Roseau','CITY',NULL,NULL,'2018-05-13 03:47:46.355200','2018-05-13 03:47:46.355200');
INSERT INTO places VALUES(182,'Grenada','CNTY',NULL,NULL,'2018-05-13 03:47:46.360042','2018-05-13 03:47:46.360042');
INSERT INTO places VALUES(183,'St. George''s','CITY',NULL,NULL,'2018-05-13 03:47:46.362513','2018-05-13 03:47:46.362513');
INSERT INTO places VALUES(184,'Saint Kitts and Nevis','CNTY',NULL,NULL,'2018-05-13 03:47:46.368387','2018-05-13 03:47:46.368387');
INSERT INTO places VALUES(185,'Basseterre','CITY',NULL,NULL,'2018-05-13 03:47:46.370564','2018-05-13 03:47:46.370564');
INSERT INTO places VALUES(186,'Saint Lucia','CNTY',NULL,NULL,'2018-05-13 03:47:46.375881','2018-05-13 03:47:46.375881');
INSERT INTO places VALUES(187,'Castries','CITY',NULL,NULL,'2018-05-13 03:47:46.377994','2018-05-13 03:47:46.377994');
INSERT INTO places VALUES(188,'Saint Vincent and the Grenadines','CNTY',NULL,NULL,'2018-05-13 03:47:46.382986','2018-05-13 03:47:46.382986');
INSERT INTO places VALUES(189,'Kingstown','CITY',NULL,NULL,'2018-05-13 03:47:46.385080','2018-05-13 03:47:46.385080');
INSERT INTO places VALUES(190,'Trinidad and Tobago','CNTY',NULL,NULL,'2018-05-13 03:47:46.389969','2018-05-13 03:47:46.389969');
INSERT INTO places VALUES(191,'Port of Spain','CITY',NULL,NULL,'2018-05-13 03:47:46.392414','2018-05-13 03:47:46.392414');
INSERT INTO places VALUES(192,'Belize','CNTY',NULL,NULL,'2018-05-13 03:47:46.398794','2018-05-13 03:47:46.398794');
INSERT INTO places VALUES(193,'Belmopan','CITY',NULL,NULL,'2018-05-13 03:47:46.401027','2018-05-13 03:47:46.401027');
INSERT INTO places VALUES(194,'Guatemala','CNTY',NULL,NULL,'2018-05-13 03:47:46.407196','2018-05-13 03:47:46.407196');
INSERT INTO places VALUES(195,'Guatemala City','CITY',NULL,NULL,'2018-05-13 03:47:46.409385','2018-05-13 03:47:46.409385');
INSERT INTO places VALUES(196,'Costa Rica','CNTY',NULL,NULL,'2018-05-13 03:47:46.414669','2018-05-13 03:47:46.414669');
INSERT INTO places VALUES(197,'San Jos','CITY',NULL,NULL,'2018-05-13 03:47:46.416806','2018-05-13 03:47:46.416806');
INSERT INTO places VALUES(198,'Honduras','CNTY',NULL,NULL,'2018-05-13 03:47:46.421815','2018-05-13 03:47:46.421815');
INSERT INTO places VALUES(199,'Tegucigalpa','CITY',NULL,NULL,'2018-05-13 03:47:46.424215','2018-05-13 03:47:46.424215');
INSERT INTO places VALUES(200,'El Salvador','CNTY',NULL,NULL,'2018-05-13 03:47:46.430137','2018-05-13 03:47:46.430137');
INSERT INTO places VALUES(201,'San Salvador','CITY',NULL,NULL,'2018-05-13 03:47:46.432427','2018-05-13 03:47:46.432427');
INSERT INTO places VALUES(202,'Nicaragua','CNTY',NULL,NULL,'2018-05-13 03:47:46.437645','2018-05-13 03:47:46.437645');
INSERT INTO places VALUES(203,'Managua','CITY',NULL,NULL,'2018-05-13 03:47:46.440025','2018-05-13 03:47:46.440025');
INSERT INTO places VALUES(204,'Panam','CNTY',NULL,NULL,'2018-05-13 03:47:46.447257','2018-05-13 03:47:46.447257');
INSERT INTO places VALUES(205,'Panama City','CITY',NULL,NULL,'2018-05-13 03:47:46.449457','2018-05-13 03:47:46.449457');
INSERT INTO places VALUES(206,'European Union','SUPR',NULL,NULL,'2018-05-13 03:47:46.455262','2018-05-13 03:47:46.455262');
INSERT INTO places VALUES(207,'Austria','CNTY',NULL,NULL,'2018-05-13 03:47:46.464369','2018-05-13 03:47:46.464369');
INSERT INTO places VALUES(208,'Wien','CITY',NULL,NULL,'2018-05-13 03:47:46.466616','2018-05-13 03:47:46.466616');
INSERT INTO places VALUES(209,'Belgium','CNTY',NULL,NULL,'2018-05-13 03:47:46.472109','2018-05-13 03:47:46.472109');
INSERT INTO places VALUES(210,'Brussels','CITY',NULL,NULL,'2018-05-13 03:47:46.474395','2018-05-13 03:47:46.474395');
INSERT INTO places VALUES(211,'Cyprus','CNTY',NULL,NULL,'2018-05-13 03:47:46.479712','2018-05-13 03:47:46.479712');
INSERT INTO places VALUES(212,'Nicosia','CITY',NULL,NULL,'2018-05-13 03:47:46.481878','2018-05-13 03:47:46.481878');
INSERT INTO places VALUES(213,'Germany','CNTY',NULL,NULL,'2018-05-13 03:47:46.487472','2018-05-13 03:47:46.487472');
INSERT INTO places VALUES(214,'Berlin','CITY',NULL,NULL,'2018-05-13 03:47:46.490179','2018-05-13 03:47:46.490179');
INSERT INTO places VALUES(215,'Estonia','CNTY',NULL,NULL,'2018-05-13 03:47:46.495709','2018-05-13 03:47:46.495709');
INSERT INTO places VALUES(216,'Tallinn','CITY',NULL,NULL,'2018-05-13 03:47:46.497864','2018-05-13 03:47:46.497864');
INSERT INTO places VALUES(217,'Spain','CNTY',NULL,NULL,'2018-05-13 03:47:46.503309','2018-05-13 03:47:46.503309');
INSERT INTO places VALUES(218,'Madrid','CITY',NULL,NULL,'2018-05-13 03:47:46.505435','2018-05-13 03:47:46.505435');
INSERT INTO places VALUES(219,'Finland','CNTY',NULL,NULL,'2018-05-13 03:47:46.510628','2018-05-13 03:47:46.510628');
INSERT INTO places VALUES(220,'Helsinki','CITY',NULL,NULL,'2018-05-13 03:47:46.512725','2018-05-13 03:47:46.512725');
INSERT INTO places VALUES(221,'France','CNTY',NULL,NULL,'2018-05-13 03:47:46.518100','2018-05-13 03:47:46.518100');
INSERT INTO places VALUES(222,'Paris','CITY',NULL,NULL,'2018-05-13 03:47:46.520949','2018-05-13 03:47:46.520949');
INSERT INTO places VALUES(223,'Greece','CNTY',NULL,NULL,'2018-05-13 03:47:46.526493','2018-05-13 03:47:46.526493');
INSERT INTO places VALUES(224,'Athens','CITY',NULL,NULL,'2018-05-13 03:47:46.528642','2018-05-13 03:47:46.528642');
INSERT INTO places VALUES(225,'Ireland','CNTY',NULL,NULL,'2018-05-13 03:47:46.534000','2018-05-13 03:47:46.534000');
INSERT INTO places VALUES(226,'Dublin','CITY',NULL,NULL,'2018-05-13 03:47:46.536269','2018-05-13 03:47:46.536269');
INSERT INTO places VALUES(227,'Italy','CNTY',NULL,NULL,'2018-05-13 03:47:46.541591','2018-05-13 03:47:46.541591');
INSERT INTO places VALUES(228,'Luxembourg','CNTY',NULL,NULL,'2018-05-13 03:47:46.546129','2018-05-13 03:47:46.546129');
INSERT INTO places VALUES(229,'Malta','CNTY',NULL,NULL,'2018-05-13 03:47:46.551499','2018-05-13 03:47:46.551499');
INSERT INTO places VALUES(230,'Netherlands','CNTY',NULL,NULL,'2018-05-13 03:47:46.556535','2018-05-13 03:47:46.556535');
INSERT INTO places VALUES(231,'Portugal','CNTY',NULL,NULL,'2018-05-13 03:47:46.561685','2018-05-13 03:47:46.561685');
INSERT INTO places VALUES(232,'Slovakia','CNTY',NULL,NULL,'2018-05-13 03:47:46.566630','2018-05-13 03:47:46.566630');
INSERT INTO places VALUES(233,'Slovenia','CNTY',NULL,NULL,'2018-05-13 03:47:46.571349','2018-05-13 03:47:46.571349');
INSERT INTO places VALUES(234,'Bulgaria','CNTY',NULL,NULL,'2018-05-13 03:47:46.576175','2018-05-13 03:47:46.576175');
INSERT INTO places VALUES(235,'Denmark','CNTY',NULL,NULL,'2018-05-13 03:47:46.583116','2018-05-13 03:47:46.583116');
INSERT INTO places VALUES(236,'Latvija','CNTY',NULL,NULL,'2018-05-13 03:47:46.587684','2018-05-13 03:47:46.587684');
INSERT INTO places VALUES(237,'Lithuania','CNTY',NULL,NULL,'2018-05-13 03:47:46.592188','2018-05-13 03:47:46.592188');
INSERT INTO places VALUES(238,'Poland','CNTY',NULL,NULL,'2018-05-13 03:47:46.596753','2018-05-13 03:47:46.596753');
INSERT INTO places VALUES(239,'Romania','CNTY',NULL,NULL,'2018-05-13 03:47:46.601357','2018-05-13 03:47:46.601357');
INSERT INTO places VALUES(240,'Sweden','CNTY',NULL,NULL,'2018-05-13 03:47:46.605743','2018-05-13 03:47:46.605743');
INSERT INTO places VALUES(241,'Czech Republic','CNTY',NULL,NULL,'2018-05-13 03:47:46.610281','2018-05-13 03:47:46.610281');
INSERT INTO places VALUES(242,'Hungary','CNTY',NULL,NULL,'2018-05-13 03:47:46.614797','2018-05-13 03:47:46.614797');
INSERT INTO places VALUES(243,'Great Britain','CNTY',NULL,NULL,'2018-05-13 03:47:46.619341','2018-05-13 03:47:46.619341');
INSERT INTO places VALUES(244,'Andorra','CNTY',NULL,NULL,'2018-05-13 03:47:46.623566','2018-05-13 03:47:46.623566');
INSERT INTO places VALUES(245,'Albania','CNTY',NULL,NULL,'2018-05-13 03:47:46.627734','2018-05-13 03:47:46.627734');
INSERT INTO places VALUES(246,'Belarus','CNTY',NULL,NULL,'2018-05-13 03:47:46.631909','2018-05-13 03:47:46.631909');
INSERT INTO places VALUES(247,'Switzerland','CNTY',NULL,NULL,'2018-05-13 03:47:46.636041','2018-05-13 03:47:46.636041');
INSERT INTO places VALUES(248,'Croatia','CNTY',NULL,NULL,'2018-05-13 03:47:46.640235','2018-05-13 03:47:46.640235');
INSERT INTO places VALUES(249,'Serbia','CNTY',NULL,NULL,'2018-05-13 03:47:46.644390','2018-05-13 03:47:46.644390');
INSERT INTO places VALUES(250,'Russia','CNTY',NULL,NULL,'2018-05-13 03:47:46.648599','2018-05-13 03:47:46.648599');
INSERT INTO places VALUES(251,'Turkey','CNTY',NULL,NULL,'2018-05-13 03:47:46.652781','2018-05-13 03:47:46.652781');
INSERT INTO places VALUES(252,'Ukraine','CNTY',NULL,NULL,'2018-05-13 03:47:46.657021','2018-05-13 03:47:46.657021');
INSERT INTO places VALUES(253,'Macedonia','CNTY',NULL,NULL,'2018-05-13 03:47:46.661265','2018-05-13 03:47:46.661265');
INSERT INTO places VALUES(254,'Norway','CNTY',NULL,NULL,'2018-05-13 03:47:46.665543','2018-05-13 03:47:46.665543');
INSERT INTO places VALUES(255,'Iceland','CNTY',NULL,NULL,'2018-05-13 03:47:46.669806','2018-05-13 03:47:46.669806');
INSERT INTO places VALUES(256,'Vatican City','CNTY',NULL,NULL,'2018-05-13 03:47:46.674180','2018-05-13 03:47:46.674180');
INSERT INTO places VALUES(257,'Vatican City','CITY',NULL,NULL,'2018-05-13 03:47:46.676354','2018-05-13 03:47:46.676354');
INSERT INTO places VALUES(258,'Bosnia and Herzegovina','CNTY',NULL,NULL,'2018-05-13 03:47:46.681488','2018-05-13 03:47:46.681488');
INSERT INTO places VALUES(259,'Sarajevo','CITY',NULL,NULL,'2018-05-13 03:47:46.683666','2018-05-13 03:47:46.683666');
INSERT INTO places VALUES(260,'Liechtenstein','CNTY',NULL,NULL,'2018-05-13 03:47:46.689336','2018-05-13 03:47:46.689336');
INSERT INTO places VALUES(261,'Vaduz','CITY',NULL,NULL,'2018-05-13 03:47:46.691817','2018-05-13 03:47:46.691817');
INSERT INTO places VALUES(262,'Monaco','CNTY',NULL,NULL,'2018-05-13 03:47:46.697153','2018-05-13 03:47:46.697153');
INSERT INTO places VALUES(263,'Monaco','CITY',NULL,NULL,'2018-05-13 03:47:46.699580','2018-05-13 03:47:46.699580');
INSERT INTO places VALUES(264,'Montenegro','CNTY',NULL,NULL,'2018-05-13 03:47:46.707640','2018-05-13 03:47:46.707640');
INSERT INTO places VALUES(265,'Podgorica','CITY',NULL,NULL,'2018-05-13 03:47:46.710078','2018-05-13 03:47:46.710078');
INSERT INTO places VALUES(266,'Moldova','CNTY',NULL,NULL,'2018-05-13 03:47:46.715345','2018-05-13 03:47:46.715345');
INSERT INTO places VALUES(267,'Chiinu','CITY',NULL,NULL,'2018-05-13 03:47:46.717461','2018-05-13 03:47:46.717461');
INSERT INTO places VALUES(268,'San Marino','CNTY',NULL,NULL,'2018-05-13 03:47:46.722640','2018-05-13 03:47:46.722640');
INSERT INTO places VALUES(269,'(City of) San Marino','CITY',NULL,NULL,'2018-05-13 03:47:46.724818','2018-05-13 03:47:46.724818');
INSERT INTO places VALUES(270,'Georgia','CNTY',NULL,NULL,'2018-05-13 03:47:46.729853','2018-05-13 03:47:46.729853');
INSERT INTO places VALUES(271,'Armenia','CNTY',NULL,NULL,'2018-05-13 03:47:46.734024','2018-05-13 03:47:46.734024');
INSERT INTO places VALUES(272,'Azerbaijan','CNTY',NULL,NULL,'2018-05-13 03:47:46.739555','2018-05-13 03:47:46.739555');
INSERT INTO places VALUES(273,'Bak','CITY',NULL,NULL,'2018-05-13 03:47:46.741762','2018-05-13 03:47:46.741762');
INSERT INTO places VALUES(274,'Bahrain','CNTY',NULL,NULL,'2018-05-13 03:47:46.747752','2018-05-13 03:47:46.747752');
INSERT INTO places VALUES(275,'Manama','CITY',NULL,NULL,'2018-05-13 03:47:46.749978','2018-05-13 03:47:46.749978');
INSERT INTO places VALUES(276,'Kuwait','CNTY',NULL,NULL,'2018-05-13 03:47:46.756194','2018-05-13 03:47:46.756194');
INSERT INTO places VALUES(277,'Kuwait City','CITY',NULL,NULL,'2018-05-13 03:47:46.758372','2018-05-13 03:47:46.758372');
INSERT INTO places VALUES(278,'Oman','CNTY',NULL,NULL,'2018-05-13 03:47:46.763363','2018-05-13 03:47:46.763363');
INSERT INTO places VALUES(279,'Muscat','CITY',NULL,NULL,'2018-05-13 03:47:46.765488','2018-05-13 03:47:46.765488');
INSERT INTO places VALUES(280,'Qatar','CNTY',NULL,NULL,'2018-05-13 03:47:46.771275','2018-05-13 03:47:46.771275');
INSERT INTO places VALUES(281,'Doha','CITY',NULL,NULL,'2018-05-13 03:47:46.773907','2018-05-13 03:47:46.773907');
INSERT INTO places VALUES(282,'Saudi Arabia','CNTY',NULL,NULL,'2018-05-13 03:47:46.779368','2018-05-13 03:47:46.779368');
INSERT INTO places VALUES(283,'Riyadh','CITY',NULL,NULL,'2018-05-13 03:47:46.781542','2018-05-13 03:47:46.781542');
INSERT INTO places VALUES(284,'United Arab Emirates','CNTY',NULL,NULL,'2018-05-13 03:47:46.786696','2018-05-13 03:47:46.786696');
INSERT INTO places VALUES(285,'Abu Dhabi','CITY',NULL,NULL,'2018-05-13 03:47:46.788920','2018-05-13 03:47:46.788920');
INSERT INTO places VALUES(286,'Yemen','CNTY',NULL,NULL,'2018-05-13 03:47:46.794224','2018-05-13 03:47:46.794224');
INSERT INTO places VALUES(287,'Sana''a','CITY',NULL,NULL,'2018-05-13 03:47:46.796433','2018-05-13 03:47:46.796433');
INSERT INTO places VALUES(288,'Iraq','CNTY',NULL,NULL,'2018-05-13 03:47:46.802383','2018-05-13 03:47:46.802383');
INSERT INTO places VALUES(289,'Baghdad','CITY',NULL,NULL,'2018-05-13 03:47:46.804651','2018-05-13 03:47:46.804651');
INSERT INTO places VALUES(290,'Israel','CNTY',NULL,NULL,'2018-05-13 03:47:46.810330','2018-05-13 03:47:46.810330');
INSERT INTO places VALUES(291,'Jerusalem','CITY',NULL,NULL,'2018-05-13 03:47:46.812597','2018-05-13 03:47:46.812597');
INSERT INTO places VALUES(292,'Jordan','CNTY',NULL,NULL,'2018-05-13 03:47:46.817817','2018-05-13 03:47:46.817817');
INSERT INTO places VALUES(293,'Amman','CITY',NULL,NULL,'2018-05-13 03:47:46.820049','2018-05-13 03:47:46.820049');
INSERT INTO places VALUES(294,'Lebanon','CNTY',NULL,NULL,'2018-05-13 03:47:46.825176','2018-05-13 03:47:46.825176');
INSERT INTO places VALUES(295,'Beirut','CITY',NULL,NULL,'2018-05-13 03:47:46.827376','2018-05-13 03:47:46.827376');
INSERT INTO places VALUES(296,'Palestine','CNTY',NULL,NULL,'2018-05-13 03:47:46.833606','2018-05-13 03:47:46.833606');
INSERT INTO places VALUES(297,'Syria','CNTY',NULL,NULL,'2018-05-13 03:47:46.840099','2018-05-13 03:47:46.840099');
INSERT INTO places VALUES(298,'Damascus','CITY',NULL,NULL,'2018-05-13 03:47:46.842707','2018-05-13 03:47:46.842707');
INSERT INTO places VALUES(299,'Iran','CNTY',NULL,NULL,'2018-05-13 03:47:46.848004','2018-05-13 03:47:46.848004');
INSERT INTO places VALUES(300,'Tehran','CITY',NULL,NULL,'2018-05-13 03:47:46.850146','2018-05-13 03:47:46.850146');
INSERT INTO places VALUES(301,'Canada','CNTY',NULL,NULL,'2018-05-13 03:47:46.855721','2018-05-13 03:47:46.855721');
INSERT INTO places VALUES(302,'United States','CNTY',NULL,NULL,'2018-05-13 03:47:46.861867','2018-05-13 03:47:46.861867');
INSERT INTO places VALUES(303,'Mxico','CNTY',NULL,NULL,'2018-05-13 03:47:46.866759','2018-05-13 03:47:46.866759');
INSERT INTO places VALUES(304,'Australia','CNTY',NULL,NULL,'2018-05-13 03:47:46.871775','2018-05-13 03:47:46.871775');
INSERT INTO places VALUES(305,'Canberra','CITY',NULL,NULL,'2018-05-13 03:47:46.874050','2018-05-13 03:47:46.874050');
INSERT INTO places VALUES(306,'Papua New Guinea','CNTY',NULL,NULL,'2018-05-13 03:47:46.880090','2018-05-13 03:47:46.880090');
INSERT INTO places VALUES(307,'Port Moresby','CITY',NULL,NULL,'2018-05-13 03:47:46.882346','2018-05-13 03:47:46.882346');
INSERT INTO places VALUES(308,'Fiji','CNTY',NULL,NULL,'2018-05-13 03:47:46.887449','2018-05-13 03:47:46.887449');
INSERT INTO places VALUES(309,'Suva','CITY',NULL,NULL,'2018-05-13 03:47:46.889532','2018-05-13 03:47:46.889532');
INSERT INTO places VALUES(310,'Solomon Islands','CNTY',NULL,NULL,'2018-05-13 03:47:46.895215','2018-05-13 03:47:46.895215');
INSERT INTO places VALUES(311,'Honiara','CITY',NULL,NULL,'2018-05-13 03:47:46.897395','2018-05-13 03:47:46.897395');
INSERT INTO places VALUES(312,'Vanuatu','CNTY',NULL,NULL,'2018-05-13 03:47:46.902547','2018-05-13 03:47:46.902547');
INSERT INTO places VALUES(313,'Port Vila','CITY',NULL,NULL,'2018-05-13 03:47:46.904810','2018-05-13 03:47:46.904810');
INSERT INTO places VALUES(314,'Palau','CNTY',NULL,NULL,'2018-05-13 03:47:46.909964','2018-05-13 03:47:46.909964');
INSERT INTO places VALUES(315,'Ngerulmud','CITY',NULL,NULL,'2018-05-13 03:47:46.912098','2018-05-13 03:47:46.912098');
INSERT INTO places VALUES(316,'Micronesia','CNTY',NULL,NULL,'2018-05-13 03:47:46.916940','2018-05-13 03:47:46.916940');
INSERT INTO places VALUES(317,'Palikir','CITY',NULL,NULL,'2018-05-13 03:47:46.919164','2018-05-13 03:47:46.919164');
INSERT INTO places VALUES(318,'Marshall Islands','CNTY',NULL,NULL,'2018-05-13 03:47:46.924898','2018-05-13 03:47:46.924898');
INSERT INTO places VALUES(319,'Majuro','CITY',NULL,NULL,'2018-05-13 03:47:46.927235','2018-05-13 03:47:46.927235');
INSERT INTO places VALUES(320,'Nauru','CNTY',NULL,NULL,'2018-05-13 03:47:46.932654','2018-05-13 03:47:46.932654');
INSERT INTO places VALUES(321,'Yaren','CITY',NULL,NULL,'2018-05-13 03:47:46.935007','2018-05-13 03:47:46.935007');
INSERT INTO places VALUES(322,'Kiribati','CNTY',NULL,NULL,'2018-05-13 03:47:46.940231','2018-05-13 03:47:46.940231');
INSERT INTO places VALUES(323,'Tarawa','CITY',NULL,NULL,'2018-05-13 03:47:46.942464','2018-05-13 03:47:46.942464');
INSERT INTO places VALUES(324,'New Zealand','CNTY',NULL,NULL,'2018-05-13 03:47:46.947529','2018-05-13 03:47:46.947529');
INSERT INTO places VALUES(325,'Wellington','CITY',NULL,NULL,'2018-05-13 03:47:46.949669','2018-05-13 03:47:46.949669');
INSERT INTO places VALUES(326,'Samoa','CNTY',NULL,NULL,'2018-05-13 03:47:46.955642','2018-05-13 03:47:46.955642');
INSERT INTO places VALUES(327,'Apia','CITY',NULL,NULL,'2018-05-13 03:47:46.957914','2018-05-13 03:47:46.957914');
INSERT INTO places VALUES(328,'Tonga','CNTY',NULL,NULL,'2018-05-13 03:47:46.963237','2018-05-13 03:47:46.963237');
INSERT INTO places VALUES(329,'Nuku''alofa','CITY',NULL,NULL,'2018-05-13 03:47:46.965568','2018-05-13 03:47:46.965568');
INSERT INTO places VALUES(330,'Tuvalu','CNTY',NULL,NULL,'2018-05-13 03:47:46.972716','2018-05-13 03:47:46.972716');
INSERT INTO places VALUES(331,'Funafuti','CITY',NULL,NULL,'2018-05-13 03:47:46.975323','2018-05-13 03:47:46.975323');
INSERT INTO places VALUES(332,'Argentina','CNTY',NULL,NULL,'2018-05-13 03:47:46.981120','2018-05-13 03:47:46.981120');
INSERT INTO places VALUES(333,'Buenos Aires','CITY',NULL,NULL,'2018-05-13 03:47:46.983471','2018-05-13 03:47:46.983471');
INSERT INTO places VALUES(334,'Bolivia','CNTY',NULL,NULL,'2018-05-13 03:47:46.990015','2018-05-13 03:47:46.990015');
INSERT INTO places VALUES(335,'La Paz','CITY',NULL,NULL,'2018-05-13 03:47:46.992320','2018-05-13 03:47:46.992320');
INSERT INTO places VALUES(336,'Brazil','CNTY',NULL,NULL,'2018-05-13 03:47:46.997574','2018-05-13 03:47:46.997574');
INSERT INTO places VALUES(337,'Braslia','CITY',NULL,NULL,'2018-05-13 03:47:46.999888','2018-05-13 03:47:46.999888');
INSERT INTO places VALUES(338,'Chile','CNTY',NULL,NULL,'2018-05-13 03:47:47.005011','2018-05-13 03:47:47.005011');
INSERT INTO places VALUES(339,'Santiago','CITY',NULL,NULL,'2018-05-13 03:47:47.007188','2018-05-13 03:47:47.007188');
INSERT INTO places VALUES(340,'Colombia','CNTY',NULL,NULL,'2018-05-13 03:47:47.012107','2018-05-13 03:47:47.012107');
INSERT INTO places VALUES(341,'Bogot','CITY',NULL,NULL,'2018-05-13 03:47:47.014536','2018-05-13 03:47:47.014536');
INSERT INTO places VALUES(342,'Ecuador','CNTY',NULL,NULL,'2018-05-13 03:47:47.020500','2018-05-13 03:47:47.020500');
INSERT INTO places VALUES(343,'Quito','CITY',NULL,NULL,'2018-05-13 03:47:47.022698','2018-05-13 03:47:47.022698');
INSERT INTO places VALUES(344,'Peru','CNTY',NULL,NULL,'2018-05-13 03:47:47.027781','2018-05-13 03:47:47.027781');
INSERT INTO places VALUES(345,'Lima','CITY',NULL,NULL,'2018-05-13 03:47:47.029964','2018-05-13 03:47:47.029964');
INSERT INTO places VALUES(346,'Paraguay','CNTY',NULL,NULL,'2018-05-13 03:47:47.035056','2018-05-13 03:47:47.035056');
INSERT INTO places VALUES(347,'Asuncin','CITY',NULL,NULL,'2018-05-13 03:47:47.037195','2018-05-13 03:47:47.037195');
INSERT INTO places VALUES(348,'Uruguay','CNTY',NULL,NULL,'2018-05-13 03:47:47.042086','2018-05-13 03:47:47.042086');
INSERT INTO places VALUES(349,'Montevideo','CITY',NULL,NULL,'2018-05-13 03:47:47.044229','2018-05-13 03:47:47.044229');
INSERT INTO places VALUES(350,'Venezuela','CNTY',NULL,NULL,'2018-05-13 03:47:47.050445','2018-05-13 03:47:47.050445');
INSERT INTO places VALUES(351,'Caracas','CITY',NULL,NULL,'2018-05-13 03:47:47.052686','2018-05-13 03:47:47.052686');
INSERT INTO places VALUES(352,'Guyana','CNTY',NULL,NULL,'2018-05-13 03:47:47.058064','2018-05-13 03:47:47.058064');
INSERT INTO places VALUES(353,'George Town','CITY',NULL,NULL,'2018-05-13 03:47:47.060321','2018-05-13 03:47:47.272871');
INSERT INTO places VALUES(354,'Suriname','CNTY',NULL,NULL,'2018-05-13 03:47:47.065778','2018-05-13 03:47:47.065778');
INSERT INTO places VALUES(355,'Paramaribo','CITY',NULL,NULL,'2018-05-13 03:47:47.068017','2018-05-13 03:47:47.068017');
INSERT INTO places VALUES(356,'Mayotte','TERR',NULL,NULL,'2018-05-13 03:47:47.073826','2018-05-13 03:47:47.073826');
INSERT INTO places VALUES(357,'Mamoudzou','CITY',NULL,NULL,'2018-05-13 03:47:47.076178','2018-05-13 03:47:47.076178');
INSERT INTO places VALUES(358,'Runion','TERR',NULL,NULL,'2018-05-13 03:47:47.084691','2018-05-13 03:47:47.084691');
INSERT INTO places VALUES(359,'Saint Helena','TERR',NULL,NULL,'2018-05-13 03:47:47.091187','2018-05-13 03:47:47.091187');
INSERT INTO places VALUES(360,'Jamestown','CITY',NULL,NULL,'2018-05-13 03:47:47.093467','2018-05-13 03:47:47.093467');
INSERT INTO places VALUES(361,'Bouvet Island','TERR',NULL,NULL,'2018-05-13 03:47:47.101046','2018-05-13 03:47:47.101046');
INSERT INTO places VALUES(362,'French Southern Territories','TERR',NULL,NULL,'2018-05-13 03:47:47.109774','2018-05-13 03:47:47.109774');
INSERT INTO places VALUES(363,'Port-aux-Franais','CITY',NULL,NULL,'2018-05-13 03:47:47.112372','2018-05-13 03:47:47.112372');
INSERT INTO places VALUES(364,'Heard Island and McDonald Islands','TERR',NULL,NULL,'2018-05-13 03:47:47.119538','2018-05-13 03:47:47.119538');
INSERT INTO places VALUES(365,'South Georgia and South Sandwich','TERR',NULL,NULL,'2018-05-13 03:47:47.125855','2018-05-13 03:47:47.125855');
INSERT INTO places VALUES(366,'King Edward Point','CITY',NULL,NULL,'2018-05-13 03:47:47.128166','2018-05-13 03:47:47.128166');
INSERT INTO places VALUES(367,'Hong Kong','TERR',NULL,NULL,'2018-05-13 03:47:47.136667','2018-05-13 03:47:47.136667');
INSERT INTO places VALUES(368,'Macau','TERR',NULL,NULL,'2018-05-13 03:47:47.144612','2018-05-13 03:47:47.144612');
INSERT INTO places VALUES(369,'Cocos (Keeling) Islands','TERR',NULL,NULL,'2018-05-13 03:47:47.152712','2018-05-13 03:47:47.152712');
INSERT INTO places VALUES(370,'West Island','CITY',NULL,NULL,'2018-05-13 03:47:47.155501','2018-05-13 03:47:47.155501');
INSERT INTO places VALUES(371,'Christmas Island','TERR',NULL,NULL,'2018-05-13 03:47:47.162987','2018-05-13 03:47:47.162987');
INSERT INTO places VALUES(372,'Flying Fish Cove','CITY',NULL,NULL,'2018-05-13 03:47:47.165304','2018-05-13 03:47:47.165304');
INSERT INTO places VALUES(373,'British Indian Ocean Territory','TERR',NULL,NULL,'2018-05-13 03:47:47.173210','2018-05-13 03:47:47.173210');
INSERT INTO places VALUES(374,'Diego Garcia','CITY',NULL,NULL,'2018-05-13 03:47:47.175837','2018-05-13 03:47:47.175837');
INSERT INTO places VALUES(375,'Puerto Rico','TERR',NULL,NULL,'2018-05-13 03:47:47.183302','2018-05-13 03:47:47.183302');
INSERT INTO places VALUES(376,'United States Virgin Islands','TERR',NULL,NULL,'2018-05-13 03:47:47.189710','2018-05-13 03:47:47.189710');
INSERT INTO places VALUES(377,'Charlotte Amalie','CITY',NULL,NULL,'2018-05-13 03:47:47.192040','2018-05-13 03:47:47.192040');
INSERT INTO places VALUES(378,'Guadeloupe','TERR',NULL,NULL,'2018-05-13 03:47:47.198776','2018-05-13 03:47:47.198776');
INSERT INTO places VALUES(379,'Martinique','TERR',NULL,NULL,'2018-05-13 03:47:47.206071','2018-05-13 03:47:47.206071');
INSERT INTO places VALUES(380,'Saint Barthlemy','TERR',NULL,NULL,'2018-05-13 03:47:47.212435','2018-05-13 03:47:47.212435');
INSERT INTO places VALUES(381,'Saint Martin (French part)','TERR',NULL,NULL,'2018-05-13 03:47:47.218970','2018-05-13 03:47:47.218970');
INSERT INTO places VALUES(382,'Marigot','CITY',NULL,NULL,'2018-05-13 03:47:47.221233','2018-05-13 03:47:47.221233');
INSERT INTO places VALUES(383,'Aruba','TERR',NULL,NULL,'2018-05-13 03:47:47.227996','2018-05-13 03:47:47.227996');
INSERT INTO places VALUES(384,'Oranjestad','CITY',NULL,NULL,'2018-05-13 03:47:47.230249','2018-05-13 03:47:47.230249');
INSERT INTO places VALUES(385,'Curaao','TERR',NULL,NULL,'2018-05-13 03:47:47.238543','2018-05-13 03:47:47.238543');
INSERT INTO places VALUES(386,'Willemstad','CITY',NULL,NULL,'2018-05-13 03:47:47.240929','2018-05-13 03:47:47.240929');
INSERT INTO places VALUES(387,'Sint Maarten (Dutch part)','TERR',NULL,NULL,'2018-05-13 03:47:47.250264','2018-05-13 03:47:47.250264');
INSERT INTO places VALUES(388,'Philipsburg','CITY',NULL,NULL,'2018-05-13 03:47:47.252533','2018-05-13 03:47:47.252533');
INSERT INTO places VALUES(389,'Anguilla','TERR',NULL,NULL,'2018-05-13 03:47:47.259278','2018-05-13 03:47:47.259278');
INSERT INTO places VALUES(390,'The Valley','CITY',NULL,NULL,'2018-05-13 03:47:47.261463','2018-05-13 03:47:47.261463');
INSERT INTO places VALUES(391,'Cayman Islands','TERR',NULL,NULL,'2018-05-13 03:47:47.268926','2018-05-13 03:47:47.268926');
INSERT INTO places VALUES(392,'Montserrat','TERR',NULL,NULL,'2018-05-13 03:47:47.279864','2018-05-13 03:47:47.279864');
INSERT INTO places VALUES(393,'Plymouth','CITY',NULL,NULL,'2018-05-13 03:47:47.282142','2018-05-13 03:47:47.282142');
INSERT INTO places VALUES(394,'Turks and Caicos Islands','TERR',NULL,NULL,'2018-05-13 03:47:47.289036','2018-05-13 03:47:47.289036');
INSERT INTO places VALUES(395,'Cockburn Town','CITY',NULL,NULL,'2018-05-13 03:47:47.291288','2018-05-13 03:47:47.291288');
INSERT INTO places VALUES(396,'British Virgin Islands','TERR',NULL,NULL,'2018-05-13 03:47:47.298851','2018-05-13 03:47:47.298851');
INSERT INTO places VALUES(397,'Road Town','CITY',NULL,NULL,'2018-05-13 03:47:47.301096','2018-05-13 03:47:47.301096');
INSERT INTO places VALUES(398,'England','TERR',NULL,NULL,'2018-05-13 03:47:47.308876','2018-05-13 03:47:47.308876');
INSERT INTO places VALUES(399,'Scotland','TERR',NULL,NULL,'2018-05-13 03:47:47.315227','2018-05-13 03:47:47.315227');
INSERT INTO places VALUES(400,'Wales','TERR',NULL,NULL,'2018-05-13 03:47:47.321148','2018-05-13 03:47:47.321148');
INSERT INTO places VALUES(401,'Northern Ireland','TERR',NULL,NULL,'2018-05-13 03:47:47.327422','2018-05-13 03:47:47.327422');
INSERT INTO places VALUES(402,'Belfast','CITY',NULL,NULL,'2018-05-13 03:47:47.330003','2018-05-13 03:47:47.330003');
INSERT INTO places VALUES(403,'Gibraltar','TERR',NULL,NULL,'2018-05-13 03:47:47.336976','2018-05-13 03:47:47.336976');
INSERT INTO places VALUES(404,'Isle of Man','TERR',NULL,NULL,'2018-05-13 03:47:47.343358','2018-05-13 03:47:47.343358');
INSERT INTO places VALUES(405,'Jersey','TERR',NULL,NULL,'2018-05-13 03:47:47.354252','2018-05-13 03:47:47.354252');
INSERT INTO places VALUES(406,'Guernsey','TERR',NULL,NULL,'2018-05-13 03:47:47.362784','2018-05-13 03:47:47.362784');
INSERT INTO places VALUES(407,'Faroe Islands','TERR',NULL,NULL,'2018-05-13 03:47:47.370023','2018-05-13 03:47:47.370023');
INSERT INTO places VALUES(408,'land Islands','TERR',NULL,NULL,'2018-05-13 03:47:47.376490','2018-05-13 03:47:47.376490');
INSERT INTO places VALUES(409,'Greenland','TERR',NULL,NULL,'2018-05-13 03:47:47.385408','2018-05-13 03:47:47.385408');
INSERT INTO places VALUES(410,'Saint Pierre and Miquelon','TERR',NULL,NULL,'2018-05-13 03:47:47.392210','2018-05-13 03:47:47.392210');
INSERT INTO places VALUES(411,'Bermuda','TERR',NULL,NULL,'2018-05-13 03:47:47.398404','2018-05-13 03:47:47.398404');
INSERT INTO places VALUES(412,'Hamilton','CITY',NULL,NULL,'2018-05-13 03:47:47.400629','2018-05-13 03:47:47.400629');
INSERT INTO places VALUES(413,'Tahiti','TERR',NULL,NULL,'2018-05-13 03:47:47.408041','2018-05-13 03:47:47.408041');
INSERT INTO places VALUES(414,'New Caledonia','TERR',NULL,NULL,'2018-05-13 03:47:47.414314','2018-05-13 03:47:47.414314');
INSERT INTO places VALUES(415,'Nouma','CITY',NULL,NULL,'2018-05-13 03:47:47.416532','2018-05-13 03:47:47.416532');
INSERT INTO places VALUES(416,'Wallis and Futuna','TERR',NULL,NULL,'2018-05-13 03:47:47.423873','2018-05-13 03:47:47.423873');
INSERT INTO places VALUES(417,'American Samoa','TERR',NULL,NULL,'2018-05-13 03:47:47.429951','2018-05-13 03:47:47.429951');
INSERT INTO places VALUES(418,'Guam','TERR',NULL,NULL,'2018-05-13 03:47:47.436123','2018-05-13 03:47:47.436123');
INSERT INTO places VALUES(419,'Northern Mariana Islands','TERR',NULL,NULL,'2018-05-13 03:47:47.442164','2018-05-13 03:47:47.442164');
INSERT INTO places VALUES(420,'Saipan','CITY',NULL,NULL,'2018-05-13 03:47:47.444463','2018-05-13 03:47:47.444463');
INSERT INTO places VALUES(421,'Cook Islands','TERR',NULL,NULL,'2018-05-13 03:47:47.451220','2018-05-13 03:47:47.451220');
INSERT INTO places VALUES(422,'Niue','TERR',NULL,NULL,'2018-05-13 03:47:47.457875','2018-05-13 03:47:47.457875');
INSERT INTO places VALUES(423,'Alofi','CITY',NULL,NULL,'2018-05-13 03:47:47.460157','2018-05-13 03:47:47.460157');
INSERT INTO places VALUES(424,'Tokelau','TERR',NULL,NULL,'2018-05-13 03:47:47.467307','2018-05-13 03:47:47.467307');
INSERT INTO places VALUES(425,'Fakaofo','CITY',NULL,NULL,'2018-05-13 03:47:47.469640','2018-05-13 03:47:47.469640');
INSERT INTO places VALUES(426,'Norfolk Island','TERR',NULL,NULL,'2018-05-13 03:47:47.476542','2018-05-13 03:47:47.476542');
INSERT INTO places VALUES(427,'Kingston','CITY',NULL,NULL,'2018-05-13 03:47:47.478834','2018-05-13 03:47:47.478834');
INSERT INTO places VALUES(428,'Pitcairn Islands','TERR',NULL,NULL,'2018-05-13 03:47:47.486326','2018-05-13 03:47:47.486326');
INSERT INTO places VALUES(429,'Adamstown','CITY',NULL,NULL,'2018-05-13 03:47:47.488594','2018-05-13 03:47:47.488594');
INSERT INTO places VALUES(430,'French Guiana','TERR',NULL,NULL,'2018-05-13 03:47:47.496120','2018-05-13 03:47:47.496120');
INSERT INTO places VALUES(431,'Cayenne','CITY',NULL,NULL,'2018-05-13 03:47:47.498517','2018-05-13 03:47:47.498517');
INSERT INTO places VALUES(432,'Falkland Islands','TERR',NULL,NULL,'2018-05-13 03:47:47.508108','2018-05-13 03:47:47.508108');
INSERT INTO places VALUES(433,'Stanley','CITY',NULL,NULL,'2018-05-13 03:47:47.510450','2018-05-13 03:47:47.510450');
CREATE TABLE IF NOT EXISTS "names" ("id" integer PRIMARY KEY AUTOINCREMENT NOT NULL, "name" varchar NOT NULL, "place_id" integer NOT NULL, "place_kind" varchar NOT NULL, "lang" varchar DEFAULT 'en' NOT NULL, "created_at" datetime NOT NULL, "updated_at" datetime NOT NULL);
INSERT INTO names VALUES(1,'Bujumbura',12,'CITY','en','2018-05-13 03:47:45.646256','2018-05-13 03:47:45.646256');
INSERT INTO names VALUES(2,'Moroni',14,'CITY','en','2018-05-13 03:47:45.681196','2018-05-13 03:47:45.681196');
INSERT INTO names VALUES(3,'Djibouti',16,'CITY','en','2018-05-13 03:47:45.688707','2018-05-13 03:47:45.688707');
INSERT INTO names VALUES(4,'Asmara',18,'CITY','en','2018-05-13 03:47:45.696486','2018-05-13 03:47:45.696486');
INSERT INTO names VALUES(5,'Addis Ababa',20,'CITY','en','2018-05-13 03:47:45.703850','2018-05-13 03:47:45.703850');
INSERT INTO names VALUES(6,'Nairobi',22,'CITY','en','2018-05-13 03:47:45.712072','2018-05-13 03:47:45.712072');
INSERT INTO names VALUES(7,'Antananarivo',24,'CITY','en','2018-05-13 03:47:45.719654','2018-05-13 03:47:45.719654');
INSERT INTO names VALUES(8,'Lilongwe',26,'CITY','en','2018-05-13 03:47:45.732574','2018-05-13 03:47:45.732574');
INSERT INTO names VALUES(9,'Port Louis',28,'CITY','en','2018-05-13 03:47:45.740791','2018-05-13 03:47:45.740791');
INSERT INTO names VALUES(10,'Maputo',30,'CITY','en','2018-05-13 03:47:45.748614','2018-05-13 03:47:45.748614');
INSERT INTO names VALUES(11,'Kigali',32,'CITY','en','2018-05-13 03:47:45.756408','2018-05-13 03:47:45.756408');
INSERT INTO names VALUES(12,'Victoria',34,'CITY','en','2018-05-13 03:47:45.763528','2018-05-13 03:47:45.763528');
INSERT INTO names VALUES(13,'Mogadishu',36,'CITY','en','2018-05-13 03:47:45.771175','2018-05-13 03:47:45.771175');
INSERT INTO names VALUES(14,'Dodoma',38,'CITY','en','2018-05-13 03:47:45.779547','2018-05-13 03:47:45.779547');
INSERT INTO names VALUES(15,'Kampala',40,'CITY','en','2018-05-13 03:47:45.787044','2018-05-13 03:47:45.787044');
INSERT INTO names VALUES(16,'Lusaka',42,'CITY','en','2018-05-13 03:47:45.794242','2018-05-13 03:47:45.794242');
INSERT INTO names VALUES(17,'Harare',44,'CITY','en','2018-05-13 03:47:45.802228','2018-05-13 03:47:45.802228');
INSERT INTO names VALUES(18,'Luanda',46,'CITY','en','2018-05-13 03:47:45.810027','2018-05-13 03:47:45.810027');
INSERT INTO names VALUES(19,'Yaound',48,'CITY','en','2018-05-13 03:47:45.817571','2018-05-13 03:47:45.817571');
INSERT INTO names VALUES(20,'Bangui',50,'CITY','en','2018-05-13 03:47:45.825107','2018-05-13 03:47:45.825107');
INSERT INTO names VALUES(21,'N''Djamena',52,'CITY','en','2018-05-13 03:47:45.832941','2018-05-13 03:47:45.832941');
INSERT INTO names VALUES(22,'Brazzaville',54,'CITY','en','2018-05-13 03:47:45.840682','2018-05-13 03:47:45.840682');
INSERT INTO names VALUES(23,'Kinshasa',56,'CITY','en','2018-05-13 03:47:45.849226','2018-05-13 03:47:45.849226');
INSERT INTO names VALUES(24,'Malabo',58,'CITY','en','2018-05-13 03:47:45.856617','2018-05-13 03:47:45.856617');
INSERT INTO names VALUES(25,'Libreville',60,'CITY','en','2018-05-13 03:47:45.864521','2018-05-13 03:47:45.864521');
INSERT INTO names VALUES(26,'So Tom',62,'CITY','en','2018-05-13 03:47:45.872492','2018-05-13 03:47:45.872492');
INSERT INTO names VALUES(27,'Juba',69,'CITY','en','2018-05-13 03:47:45.908060','2018-05-13 03:47:45.908060');
INSERT INTO names VALUES(28,'Khartoum',71,'CITY','en','2018-05-13 03:47:45.915456','2018-05-13 03:47:45.915456');
INSERT INTO names VALUES(29,'Gaborone',74,'CITY','en','2018-05-13 03:47:45.927835','2018-05-13 03:47:45.927835');
INSERT INTO names VALUES(30,'Maseru',76,'CITY','en','2018-05-13 03:47:45.935348','2018-05-13 03:47:45.935348');
INSERT INTO names VALUES(31,'Windhoek',78,'CITY','en','2018-05-13 03:47:45.942677','2018-05-13 03:47:45.942677');
INSERT INTO names VALUES(32,'Lobamba',80,'CITY','en','2018-05-13 03:47:45.949717','2018-05-13 03:47:45.949717');
INSERT INTO names VALUES(33,'Porto-Novo',82,'CITY','en','2018-05-13 03:47:45.957229','2018-05-13 03:47:45.957229');
INSERT INTO names VALUES(34,'Ouagadougou',84,'CITY','en','2018-05-13 03:47:45.965030','2018-05-13 03:47:45.965030');
INSERT INTO names VALUES(35,'Praia',86,'CITY','en','2018-05-13 03:47:45.972432','2018-05-13 03:47:45.972432');
INSERT INTO names VALUES(36,'Conakry',91,'CITY','en','2018-05-13 03:47:45.993678','2018-05-13 03:47:45.993678');
INSERT INTO names VALUES(37,'Bissau',93,'CITY','en','2018-05-13 03:47:46.001151','2018-05-13 03:47:46.001151');
INSERT INTO names VALUES(38,'Monrovia',95,'CITY','en','2018-05-13 03:47:46.008774','2018-05-13 03:47:46.008774');
INSERT INTO names VALUES(39,'Bamako',97,'CITY','en','2018-05-13 03:47:46.016156','2018-05-13 03:47:46.016156');
INSERT INTO names VALUES(40,'Niamey',100,'CITY','en','2018-05-13 03:47:46.031932','2018-05-13 03:47:46.031932');
INSERT INTO names VALUES(41,'Dakar',103,'CITY','en','2018-05-13 03:47:46.043585','2018-05-13 03:47:46.043585');
INSERT INTO names VALUES(42,'Freetown',105,'CITY','en','2018-05-13 03:47:46.050664','2018-05-13 03:47:46.050664');
INSERT INTO names VALUES(43,'Lom',107,'CITY','en','2018-05-13 03:47:46.058646','2018-05-13 03:47:46.058646');
INSERT INTO names VALUES(44,'Astana',110,'CITY','en','2018-05-13 03:47:46.072589','2018-05-13 03:47:46.072589');
INSERT INTO names VALUES(45,'Bishkek',112,'CITY','en','2018-05-13 03:47:46.080587','2018-05-13 03:47:46.080587');
INSERT INTO names VALUES(46,'Dushanbe',114,'CITY','en','2018-05-13 03:47:46.088567','2018-05-13 03:47:46.088567');
INSERT INTO names VALUES(47,'Ashgabat',116,'CITY','en','2018-05-13 03:47:46.095986','2018-05-13 03:47:46.095986');
INSERT INTO names VALUES(48,'Tashkent',118,'CITY','en','2018-05-13 03:47:46.103164','2018-05-13 03:47:46.103164');
INSERT INTO names VALUES(49,'Tokyo',120,'CITY','en','2018-05-13 03:47:46.110340','2018-05-13 03:47:46.110340');
INSERT INTO names VALUES(50,'Pyongyang',122,'CITY','en','2018-05-13 03:47:46.118320','2018-05-13 03:47:46.118320');
INSERT INTO names VALUES(51,'Seoul',124,'CITY','en','2018-05-13 03:47:46.125759','2018-05-13 03:47:46.125759');
INSERT INTO names VALUES(52,'Beijing',126,'CITY','en','2018-05-13 03:47:46.133248','2018-05-13 03:47:46.133248');
INSERT INTO names VALUES(53,'Taipei',128,'CITY','en','2018-05-13 03:47:46.140523','2018-05-13 03:47:46.140523');
INSERT INTO names VALUES(54,'Ulan Bator',130,'CITY','en','2018-05-13 03:47:46.148491','2018-05-13 03:47:46.148491');
INSERT INTO names VALUES(55,'Islamabad',132,'CITY','en','2018-05-13 03:47:46.156196','2018-05-13 03:47:46.156196');
INSERT INTO names VALUES(56,'New Delhi',134,'CITY','en','2018-05-13 03:47:46.165630','2018-05-13 03:47:46.165630');
INSERT INTO names VALUES(57,'Dhaka',136,'CITY','en','2018-05-13 03:47:46.173192','2018-05-13 03:47:46.173192');
INSERT INTO names VALUES(58,'Kathmandu',138,'CITY','en','2018-05-13 03:47:46.181740','2018-05-13 03:47:46.181740');
INSERT INTO names VALUES(59,'Colombo',140,'CITY','en','2018-05-13 03:47:46.189274','2018-05-13 03:47:46.189274');
INSERT INTO names VALUES(60,'Thimphu',142,'CITY','en','2018-05-13 03:47:46.196479','2018-05-13 03:47:46.196479');
INSERT INTO names VALUES(61,'Mal',144,'CITY','en','2018-05-13 03:47:46.203649','2018-05-13 03:47:46.203649');
INSERT INTO names VALUES(62,'Kabul',146,'CITY','en','2018-05-13 03:47:46.211963','2018-05-13 03:47:46.211963');
INSERT INTO names VALUES(63,'Jakarta',148,'CITY','en','2018-05-13 03:47:46.219440','2018-05-13 03:47:46.219440');
INSERT INTO names VALUES(64,'Kuala Lumpur',150,'CITY','en','2018-05-13 03:47:46.226764','2018-05-13 03:47:46.226764');
INSERT INTO names VALUES(65,'Singapore',152,'CITY','en','2018-05-13 03:47:46.233719','2018-05-13 03:47:46.233719');
INSERT INTO names VALUES(66,'Bangkok',154,'CITY','en','2018-05-13 03:47:46.241997','2018-05-13 03:47:46.241997');
INSERT INTO names VALUES(67,'Manila',156,'CITY','en','2018-05-13 03:47:46.249378','2018-05-13 03:47:46.249378');
INSERT INTO names VALUES(68,'Hanoi',158,'CITY','en','2018-05-13 03:47:46.256800','2018-05-13 03:47:46.256800');
INSERT INTO names VALUES(69,'Bandar Seri Begawan',160,'CITY','en','2018-05-13 03:47:46.264081','2018-05-13 03:47:46.264081');
INSERT INTO names VALUES(70,'Naypyidaw',162,'CITY','en','2018-05-13 03:47:46.272315','2018-05-13 03:47:46.272315');
INSERT INTO names VALUES(71,'Phnom Penh',164,'CITY','en','2018-05-13 03:47:46.279774','2018-05-13 03:47:46.279774');
INSERT INTO names VALUES(72,'Dili',166,'CITY','en','2018-05-13 03:47:46.293660','2018-05-13 03:47:46.293660');
INSERT INTO names VALUES(73,'Vientiane',168,'CITY','en','2018-05-13 03:47:46.301796','2018-05-13 03:47:46.301796');
INSERT INTO names VALUES(74,'Port-au-Prince',173,'CITY','en','2018-05-13 03:47:46.326134','2018-05-13 03:47:46.326134');
INSERT INTO names VALUES(75,'Saint John''s',175,'CITY','en','2018-05-13 03:47:46.333845','2018-05-13 03:47:46.333845');
INSERT INTO names VALUES(76,'Nassau',177,'CITY','en','2018-05-13 03:47:46.341258','2018-05-13 03:47:46.341258');
INSERT INTO names VALUES(77,'Bridgetown',179,'CITY','en','2018-05-13 03:47:46.348686','2018-05-13 03:47:46.348686');
INSERT INTO names VALUES(78,'Roseau',181,'CITY','en','2018-05-13 03:47:46.355934','2018-05-13 03:47:46.355934');
INSERT INTO names VALUES(79,'St. George''s',183,'CITY','en','2018-05-13 03:47:46.363807','2018-05-13 03:47:46.363807');
INSERT INTO names VALUES(80,'Basseterre',185,'CITY','en','2018-05-13 03:47:46.371298','2018-05-13 03:47:46.371298');
INSERT INTO names VALUES(81,'Castries',187,'CITY','en','2018-05-13 03:47:46.378796','2018-05-13 03:47:46.378796');
INSERT INTO names VALUES(82,'Kingstown',189,'CITY','en','2018-05-13 03:47:46.385852','2018-05-13 03:47:46.385852');
INSERT INTO names VALUES(83,'Port of Spain',191,'CITY','en','2018-05-13 03:47:46.393528','2018-05-13 03:47:46.393528');
INSERT INTO names VALUES(84,'Belmopan',193,'CITY','en','2018-05-13 03:47:46.401813','2018-05-13 03:47:46.401813');
INSERT INTO names VALUES(85,'Guatemala City',195,'CITY','en','2018-05-13 03:47:46.410237','2018-05-13 03:47:46.410237');
INSERT INTO names VALUES(86,'San Jos',197,'CITY','en','2018-05-13 03:47:46.417594','2018-05-13 03:47:46.417594');
INSERT INTO names VALUES(87,'Tegucigalpa',199,'CITY','en','2018-05-13 03:47:46.425287','2018-05-13 03:47:46.425287');
INSERT INTO names VALUES(88,'San Salvador',201,'CITY','en','2018-05-13 03:47:46.433213','2018-05-13 03:47:46.433213');
INSERT INTO names VALUES(89,'Managua',203,'CITY','en','2018-05-13 03:47:46.440808','2018-05-13 03:47:46.440808');
INSERT INTO names VALUES(90,'Panama City',205,'CITY','en','2018-05-13 03:47:46.450264','2018-05-13 03:47:46.450264');
INSERT INTO names VALUES(91,'Wien',208,'CITY','en','2018-05-13 03:47:46.467396','2018-05-13 03:47:46.467396');
INSERT INTO names VALUES(92,'Brussels',210,'CITY','en','2018-05-13 03:47:46.475176','2018-05-13 03:47:46.475176');
INSERT INTO names VALUES(93,'Nicosia',212,'CITY','en','2018-05-13 03:47:46.482640','2018-05-13 03:47:46.482640');
INSERT INTO names VALUES(94,'Berlin',214,'CITY','en','2018-05-13 03:47:46.490989','2018-05-13 03:47:46.490989');
INSERT INTO names VALUES(95,'Tallinn',216,'CITY','en','2018-05-13 03:47:46.498687','2018-05-13 03:47:46.498687');
INSERT INTO names VALUES(96,'Madrid',218,'CITY','en','2018-05-13 03:47:46.506205','2018-05-13 03:47:46.506205');
INSERT INTO names VALUES(97,'Helsinki',220,'CITY','en','2018-05-13 03:47:46.513478','2018-05-13 03:47:46.513478');
INSERT INTO names VALUES(98,'Paris',222,'CITY','en','2018-05-13 03:47:46.521749','2018-05-13 03:47:46.521749');
INSERT INTO names VALUES(99,'Athens',224,'CITY','en','2018-05-13 03:47:46.529385','2018-05-13 03:47:46.529385');
INSERT INTO names VALUES(100,'Dublin',226,'CITY','en','2018-05-13 03:47:46.537032','2018-05-13 03:47:46.537032');
INSERT INTO names VALUES(101,'Vatican City',257,'CITY','en','2018-05-13 03:47:46.677156','2018-05-13 03:47:46.677156');
INSERT INTO names VALUES(102,'Sarajevo',259,'CITY','en','2018-05-13 03:47:46.684437','2018-05-13 03:47:46.684437');
INSERT INTO names VALUES(103,'Vaduz',261,'CITY','en','2018-05-13 03:47:46.692610','2018-05-13 03:47:46.692610');
INSERT INTO names VALUES(104,'Monaco',263,'CITY','en','2018-05-13 03:47:46.702101','2018-05-13 03:47:46.702101');
INSERT INTO names VALUES(105,'Podgorica',265,'CITY','en','2018-05-13 03:47:46.710868','2018-05-13 03:47:46.710868');
INSERT INTO names VALUES(106,'Chiinu',267,'CITY','en','2018-05-13 03:47:46.718287','2018-05-13 03:47:46.718287');
INSERT INTO names VALUES(107,'(City of) San Marino',269,'CITY','en','2018-05-13 03:47:46.725587','2018-05-13 03:47:46.725587');
INSERT INTO names VALUES(108,'Bak',273,'CITY','en','2018-05-13 03:47:46.742549','2018-05-13 03:47:46.742549');
INSERT INTO names VALUES(109,'Manama',275,'CITY','en','2018-05-13 03:47:46.750787','2018-05-13 03:47:46.750787');
INSERT INTO names VALUES(110,'Kuwait City',277,'CITY','en','2018-05-13 03:47:46.759114','2018-05-13 03:47:46.759114');
INSERT INTO names VALUES(111,'Muscat',279,'CITY','en','2018-05-13 03:47:46.766182','2018-05-13 03:47:46.766182');
INSERT INTO names VALUES(112,'Doha',281,'CITY','en','2018-05-13 03:47:46.774818','2018-05-13 03:47:46.774818');
INSERT INTO names VALUES(113,'Riyadh',283,'CITY','en','2018-05-13 03:47:46.782275','2018-05-13 03:47:46.782275');
INSERT INTO names VALUES(114,'Abu Dhabi',285,'CITY','en','2018-05-13 03:47:46.789712','2018-05-13 03:47:46.789712');
INSERT INTO names VALUES(115,'Sana''a',287,'CITY','en','2018-05-13 03:47:46.797187','2018-05-13 03:47:46.797187');
INSERT INTO names VALUES(116,'Baghdad',289,'CITY','en','2018-05-13 03:47:46.805426','2018-05-13 03:47:46.805426');
INSERT INTO names VALUES(117,'Jerusalem',291,'CITY','en','2018-05-13 03:47:46.813355','2018-05-13 03:47:46.813355');
INSERT INTO names VALUES(118,'Amman',293,'CITY','en','2018-05-13 03:47:46.820775','2018-05-13 03:47:46.820775');
INSERT INTO names VALUES(119,'Beirut',295,'CITY','en','2018-05-13 03:47:46.828148','2018-05-13 03:47:46.828148');
INSERT INTO names VALUES(120,'Damascus',298,'CITY','en','2018-05-13 03:47:46.843488','2018-05-13 03:47:46.843488');
INSERT INTO names VALUES(121,'Tehran',300,'CITY','en','2018-05-13 03:47:46.850897','2018-05-13 03:47:46.850897');
INSERT INTO names VALUES(122,'Canberra',305,'CITY','en','2018-05-13 03:47:46.874879','2018-05-13 03:47:46.874879');
INSERT INTO names VALUES(123,'Port Moresby',307,'CITY','en','2018-05-13 03:47:46.883115','2018-05-13 03:47:46.883115');
INSERT INTO names VALUES(124,'Suva',309,'CITY','en','2018-05-13 03:47:46.890300','2018-05-13 03:47:46.890300');
INSERT INTO names VALUES(125,'Honiara',311,'CITY','en','2018-05-13 03:47:46.898168','2018-05-13 03:47:46.898168');
INSERT INTO names VALUES(126,'Port Vila',313,'CITY','en','2018-05-13 03:47:46.905561','2018-05-13 03:47:46.905561');
INSERT INTO names VALUES(127,'Ngerulmud',315,'CITY','en','2018-05-13 03:47:46.912813','2018-05-13 03:47:46.912813');
INSERT INTO names VALUES(128,'Palikir',317,'CITY','en','2018-05-13 03:47:46.919926','2018-05-13 03:47:46.919926');
INSERT INTO names VALUES(129,'Majuro',319,'CITY','en','2018-05-13 03:47:46.928024','2018-05-13 03:47:46.928024');
INSERT INTO names VALUES(130,'Yaren',321,'CITY','en','2018-05-13 03:47:46.935764','2018-05-13 03:47:46.935764');
INSERT INTO names VALUES(131,'Tarawa',323,'CITY','en','2018-05-13 03:47:46.943205','2018-05-13 03:47:46.943205');
INSERT INTO names VALUES(132,'Wellington',325,'CITY','en','2018-05-13 03:47:46.950491','2018-05-13 03:47:46.950491');
INSERT INTO names VALUES(133,'Apia',327,'CITY','en','2018-05-13 03:47:46.958694','2018-05-13 03:47:46.958694');
INSERT INTO names VALUES(134,'Nuku''alofa',329,'CITY','en','2018-05-13 03:47:46.966414','2018-05-13 03:47:46.966414');
INSERT INTO names VALUES(135,'Funafuti',331,'CITY','en','2018-05-13 03:47:46.976086','2018-05-13 03:47:46.976086');
INSERT INTO names VALUES(136,'Buenos Aires',333,'CITY','en','2018-05-13 03:47:46.984328','2018-05-13 03:47:46.984328');
INSERT INTO names VALUES(137,'La Paz',335,'CITY','en','2018-05-13 03:47:46.993051','2018-05-13 03:47:46.993051');
INSERT INTO names VALUES(138,'Braslia',337,'CITY','en','2018-05-13 03:47:47.000622','2018-05-13 03:47:47.000622');
INSERT INTO names VALUES(139,'Santiago',339,'CITY','en','2018-05-13 03:47:47.007919','2018-05-13 03:47:47.007919');
INSERT INTO names VALUES(140,'Bogot',341,'CITY','en','2018-05-13 03:47:47.015640','2018-05-13 03:47:47.015640');
INSERT INTO names VALUES(141,'Quito',343,'CITY','en','2018-05-13 03:47:47.023443','2018-05-13 03:47:47.023443');
INSERT INTO names VALUES(142,'Lima',345,'CITY','en','2018-05-13 03:47:47.030718','2018-05-13 03:47:47.030718');
INSERT INTO names VALUES(143,'Asuncin',347,'CITY','en','2018-05-13 03:47:47.037913','2018-05-13 03:47:47.037913');
INSERT INTO names VALUES(144,'Montevideo',349,'CITY','en','2018-05-13 03:47:47.045012','2018-05-13 03:47:47.045012');
INSERT INTO names VALUES(145,'Caracas',351,'CITY','en','2018-05-13 03:47:47.053585','2018-05-13 03:47:47.053585');
INSERT INTO names VALUES(146,'Georgetown',353,'CITY','en','2018-05-13 03:47:47.061081','2018-05-13 03:47:47.061081');
INSERT INTO names VALUES(147,'Paramaribo',355,'CITY','en','2018-05-13 03:47:47.068779','2018-05-13 03:47:47.068779');
INSERT INTO names VALUES(148,'Mamoudzou',357,'CITY','en','2018-05-13 03:47:47.076973','2018-05-13 03:47:47.076973');
INSERT INTO names VALUES(149,'Jamestown',360,'CITY','en','2018-05-13 03:47:47.094244','2018-05-13 03:47:47.094244');
INSERT INTO names VALUES(150,'Port-aux-Franais',363,'CITY','en','2018-05-13 03:47:47.113192','2018-05-13 03:47:47.113192');
INSERT INTO names VALUES(151,'King Edward Point',366,'CITY','en','2018-05-13 03:47:47.128927','2018-05-13 03:47:47.128927');
INSERT INTO names VALUES(152,'West Island',370,'CITY','en','2018-05-13 03:47:47.156335','2018-05-13 03:47:47.156335');
INSERT INTO names VALUES(153,'Flying Fish Cove',372,'CITY','en','2018-05-13 03:47:47.166064','2018-05-13 03:47:47.166064');
INSERT INTO names VALUES(154,'Diego Garcia',374,'CITY','en','2018-05-13 03:47:47.176560','2018-05-13 03:47:47.176560');
INSERT INTO names VALUES(155,'Charlotte Amalie',377,'CITY','en','2018-05-13 03:47:47.192786','2018-05-13 03:47:47.192786');
INSERT INTO names VALUES(156,'Marigot',382,'CITY','en','2018-05-13 03:47:47.222009','2018-05-13 03:47:47.222009');
INSERT INTO names VALUES(157,'Oranjestad',384,'CITY','en','2018-05-13 03:47:47.231010','2018-05-13 03:47:47.231010');
INSERT INTO names VALUES(158,'Willemstad',386,'CITY','en','2018-05-13 03:47:47.241762','2018-05-13 03:47:47.241762');
INSERT INTO names VALUES(159,'Philipsburg',388,'CITY','en','2018-05-13 03:47:47.253278','2018-05-13 03:47:47.253278');
INSERT INTO names VALUES(160,'The Valley',390,'CITY','en','2018-05-13 03:47:47.262211','2018-05-13 03:47:47.262211');
INSERT INTO names VALUES(161,'Plymouth',393,'CITY','en','2018-05-13 03:47:47.282956','2018-05-13 03:47:47.282956');
INSERT INTO names VALUES(162,'Cockburn Town',395,'CITY','en','2018-05-13 03:47:47.292017','2018-05-13 03:47:47.292017');
INSERT INTO names VALUES(163,'Road Town',397,'CITY','en','2018-05-13 03:47:47.301883','2018-05-13 03:47:47.301883');
INSERT INTO names VALUES(164,'Belfast',402,'CITY','en','2018-05-13 03:47:47.330831','2018-05-13 03:47:47.330831');
INSERT INTO names VALUES(165,'Hamilton',412,'CITY','en','2018-05-13 03:47:47.401447','2018-05-13 03:47:47.401447');
INSERT INTO names VALUES(166,'Nouma',415,'CITY','en','2018-05-13 03:47:47.417286','2018-05-13 03:47:47.417286');
INSERT INTO names VALUES(167,'Saipan',420,'CITY','en','2018-05-13 03:47:47.445215','2018-05-13 03:47:47.445215');
INSERT INTO names VALUES(168,'Alofi',423,'CITY','en','2018-05-13 03:47:47.460927','2018-05-13 03:47:47.460927');
INSERT INTO names VALUES(169,'Fakaofo',425,'CITY','en','2018-05-13 03:47:47.470384','2018-05-13 03:47:47.470384');
INSERT INTO names VALUES(170,'Kingston',427,'CITY','en','2018-05-13 03:47:47.479627','2018-05-13 03:47:47.479627');
INSERT INTO names VALUES(171,'Adamstown',429,'CITY','en','2018-05-13 03:47:47.489348','2018-05-13 03:47:47.489348');
INSERT INTO names VALUES(172,'Cayenne',431,'CITY','en','2018-05-13 03:47:47.499295','2018-05-13 03:47:47.499295');
INSERT INTO names VALUES(173,'Stanley',433,'CITY','en','2018-05-13 03:47:47.511259','2018-05-13 03:47:47.511259');
CREATE TABLE IF NOT EXISTS "continents" ("id" integer PRIMARY KEY AUTOINCREMENT NOT NULL, "name" varchar NOT NULL, "slug" varchar NOT NULL, "key" varchar NOT NULL, "place_id" integer NOT NULL, "alt_names" varchar, "created_at" datetime NOT NULL, "updated_at" datetime NOT NULL);
INSERT INTO continents VALUES(1,'Europe','europe','eu',1,NULL,'2018-05-13 03:47:45.559321','2018-05-13 03:47:45.559321');
INSERT INTO continents VALUES(2,'South America','south-america','sa',2,NULL,'2018-05-13 03:47:45.568911','2018-05-13 03:47:45.568911');
INSERT INTO continents VALUES(3,'North America','north-america','na',3,NULL,'2018-05-13 03:47:45.570573','2018-05-13 03:47:45.570573');
INSERT INTO continents VALUES(4,'Central America','central-america','ca',4,NULL,'2018-05-13 03:47:45.572355','2018-05-13 03:47:45.572355');
INSERT INTO continents VALUES(5,'Caribbean','caribbean','ci',5,NULL,'2018-05-13 03:47:45.574008','2018-05-13 03:47:45.574008');
INSERT INTO continents VALUES(6,'Africa','africa','af',6,NULL,'2018-05-13 03:47:45.575700','2018-05-13 03:47:45.575700');
INSERT INTO continents VALUES(7,'Middle East','middle-east','me',7,NULL,'2018-05-13 03:47:45.577348','2018-05-13 03:47:45.577348');
INSERT INTO continents VALUES(8,'Asia','asia','as',8,NULL,'2018-05-13 03:47:45.579214','2018-05-13 03:47:45.579214');
INSERT INTO continents VALUES(9,'Pacific','pacific','pa',9,NULL,'2018-05-13 03:47:45.581634','2018-05-13 03:47:45.581634');
INSERT INTO continents VALUES(10,'Antarctica','antarctica','aq',10,NULL,'2018-05-13 03:47:45.583547','2018-05-13 03:47:45.583547');
CREATE TABLE IF NOT EXISTS "country_codes" ("id" integer PRIMARY KEY AUTOINCREMENT NOT NULL, "name" varchar NOT NULL, "kind" varchar NOT NULL, "country_id" integer NOT NULL);
CREATE TABLE IF NOT EXISTS "countries" ("id" integer PRIMARY KEY AUTOINCREMENT NOT NULL, "name" varchar NOT NULL, "slug" varchar NOT NULL, "key" varchar NOT NULL, "place_id" integer NOT NULL, "code" varchar NOT NULL, "alt_names" varchar, "hist_names" varchar, "pop" integer NOT NULL, "area" integer NOT NULL, "continent_id" integer, "country_id" integer, "s" boolean DEFAULT 'f' NOT NULL, "c" boolean DEFAULT 'f' NOT NULL, "d" boolean DEFAULT 'f' NOT NULL, "m" boolean DEFAULT 'f' NOT NULL, "motor" varchar, "alpha2" varchar, "alpha3" varchar, "num" varchar, "fifa" varchar, "ioc" varchar, "fips" varchar, "net" varchar, "wikipedia" varchar, "created_at" datetime NOT NULL, "updated_at" datetime NOT NULL);
INSERT INTO countries VALUES(1,'Burundi','burundi','bi',11,'BDI',NULL,NULL,8749000,27834,6,NULL,'f','t','f','f','RU','BI','BDI','108','BDI','BDI','BY','bi',NULL,'2018-05-13 03:47:45.617284','2018-05-13 03:47:51.142619');
INSERT INTO countries VALUES(2,'Comoros','comoros','km',13,'COM',NULL,NULL,798000,2235,6,NULL,'f','t','f','f','COM','KM','COM','174','COM','COM','CN','km',NULL,'2018-05-13 03:47:45.677838','2018-05-13 03:47:50.865930');
INSERT INTO countries VALUES(3,'Djibouti','djibouti','dj',15,'DJI',NULL,NULL,923000,23200,6,NULL,'f','t','f','f','DJI','DJ','DJI','262','DJI','DJI','DJ','dj',NULL,'2018-05-13 03:47:45.685546','2018-05-13 03:47:50.879046');
INSERT INTO countries VALUES(4,'Eritrea','eritrea','er',17,'ERI',NULL,NULL,6086495,117600,6,NULL,'f','t','f','f','ER','ER','ERI','232','ERI','ERI','ER','er',NULL,'2018-05-13 03:47:45.693007','2018-05-13 03:47:50.902032');
INSERT INTO countries VALUES(5,'Ethiopia','ethiopia','et',19,'ETH',NULL,NULL,84320987,1104300,6,NULL,'f','t','f','f','ETH','ET','ETH','231','ETH','ETH','ET','et',NULL,'2018-05-13 03:47:45.700685','2018-05-13 03:47:50.910968');
INSERT INTO countries VALUES(6,'Kenya','kenya','ke',21,'KEN',NULL,NULL,43013341,580367,6,NULL,'f','t','f','f','EAK','KE','KEN','404','KEN','KEN','KE','ke',NULL,'2018-05-13 03:47:45.708375','2018-05-13 03:47:50.891175');
INSERT INTO countries VALUES(7,'Madagascar','madagascar','mg',23,'MAD',NULL,NULL,22005222,587041,6,NULL,'f','t','f','f','RM','MG','MDG','450','MAD','MAD','MA','mg',NULL,'2018-05-13 03:47:45.716433','2018-05-13 03:47:51.128382');
INSERT INTO countries VALUES(8,'Malawi','malawi','mw',25,'MWI',NULL,NULL,14901000,118484,6,NULL,'f','t','f','f','MW','MW','MWI','454','MWI','MAW','MI','mw',NULL,'2018-05-13 03:47:45.724304','2018-05-13 03:47:51.051210');
INSERT INTO countries VALUES(9,'Mauritius','mauritius','mu',27,'MRI',NULL,NULL,1291456,2040,6,NULL,'f','t','f','f','MS','MU','MUS','480','MRI','MRI','MP','mu',NULL,'2018-05-13 03:47:45.737049','2018-05-13 03:47:51.047254');
INSERT INTO countries VALUES(10,'Mozambique','mozambique','mz',29,'MOZ',NULL,NULL,22894000,801590,6,NULL,'f','t','f','f','MOC','MZ','MOZ','508','MOZ','MOZ','MZ','mz',NULL,'2018-05-13 03:47:45.745376','2018-05-13 03:47:51.045199');
INSERT INTO countries VALUES(11,'Rwanda','rwanda','rw',31,'RWA',NULL,NULL,11689696,26338,6,NULL,'f','t','f','f','RWA','RW','RWA','646','RWA','RWA','RW','rw',NULL,'2018-05-13 03:47:45.752985','2018-05-13 03:47:51.147883');
INSERT INTO countries VALUES(12,'Seychelles','seychelles','sc',33,'SEY',NULL,NULL,84000,451,6,NULL,'f','t','f','f','SY','SC','SYC','690','SEY','SEY','SE','sc',NULL,'2018-05-13 03:47:45.760501','2018-05-13 03:47:51.176749');
INSERT INTO countries VALUES(13,'Somalia','somalia','so',35,'SOM',NULL,NULL,10085638,637657,6,NULL,'f','t','f','f','SO','SO','SOM','706','SOM','SOM','SO','so',NULL,'2018-05-13 03:47:45.767682','2018-05-13 03:47:51.166265');
INSERT INTO countries VALUES(14,'Tanzania','tanzania','tz',37,'TAN',NULL,NULL,43188000,945203,6,NULL,'f','t','f','f','EAT','TZ','TZA','834','TAN','TAN','TZ','tz',NULL,'2018-05-13 03:47:45.776285','2018-05-13 03:47:50.893181');
INSERT INTO countries VALUES(15,'Uganda','uganda','ug',39,'UGA',NULL,NULL,35873253,236040,6,NULL,'f','t','f','f','EAU','UG','UGA','800','UGA','UGA','UG','ug',NULL,'2018-05-13 03:47:45.783843','2018-05-13 03:47:50.895148');
INSERT INTO countries VALUES(16,'Zambia','zambia','zm',41,'ZAM',NULL,NULL,14309466,752618,6,NULL,'f','t','f','f','Z','ZM','ZMB','894','ZAM','ZAM','ZA','zm',NULL,'2018-05-13 03:47:45.791177','2018-05-13 03:47:51.242017');
INSERT INTO countries VALUES(17,'Zimbabwe','zimbabwe','zw',43,'ZIM',NULL,NULL,12619600,390757,6,NULL,'f','t','f','f','ZW','ZW','ZWE','716','ZIM','ZIM','ZI','zw',NULL,'2018-05-13 03:47:45.798321','2018-05-13 03:47:51.248948');
INSERT INTO countries VALUES(18,'Angola','angola','ao',45,'ANG',NULL,NULL,18498000,1246700,6,NULL,'f','t','f','f','ANG','AO','AGO','024','ANG','ANG','AO','ao',NULL,'2018-05-13 03:47:45.806803','2018-05-13 03:47:50.792716');
INSERT INTO countries VALUES(19,'Cameroon','cameroon','cm',47,'CMR',NULL,NULL,18879301,475440,6,NULL,'f','t','f','f','CAM','CM','CMR','120','CMR','CMR','CM','cm',NULL,'2018-05-13 03:47:45.814327','2018-05-13 03:47:50.851485');
INSERT INTO countries VALUES(20,'Central African Republic','central-african-republic','cf',49,'CTA',NULL,NULL,4422000,622984,6,NULL,'f','t','f','f','RCA','CF','CAF','140','CTA','CAF','CT','cf',NULL,'2018-05-13 03:47:45.821872','2018-05-13 03:47:51.106630');
INSERT INTO countries VALUES(21,'Chad','chad','td',51,'CHA',NULL,NULL,10329208,1284000,6,NULL,'f','t','f','f','TCH','TD','TCD','148','CHA','CHA','CD','td',NULL,'2018-05-13 03:47:45.829188','2018-05-13 03:47:51.184974');
INSERT INTO countries VALUES(22,'Congo','congo','cg',53,'CGO',NULL,NULL,4366266,342000,6,NULL,'f','t','f','f','RCB','CG','COG','178','CGO','CGO','CG','cg',NULL,'2018-05-13 03:47:45.837482','2018-05-13 03:47:51.108683');
INSERT INTO countries VALUES(23,'Congo DR','congo-dr','cd',55,'COD',NULL,NULL,71712867,2345409,6,NULL,'f','t','f','f','ZRE','CD','COD','180','COD','COD',NULL,'cd',NULL,'2018-05-13 03:47:45.846024','2018-05-13 03:47:51.246656');
INSERT INTO countries VALUES(24,'Equatorial Guinea','equatorial-guinea','gq',57,'EQG',NULL,NULL,676000,28050,6,NULL,'f','t','f','f','GQ','GQ','GNQ','226','EQG','GEQ','EK','gq',NULL,'2018-05-13 03:47:45.853486','2018-05-13 03:47:50.950778');
INSERT INTO countries VALUES(25,'Gabon','gabon','ga',59,'GAB',NULL,NULL,1475000,267667,6,NULL,'f','t','f','f','G','GA','GAB','266','GAB','GAB','GB','ga',NULL,'2018-05-13 03:47:45.860667','2018-05-13 03:47:50.928359');
INSERT INTO countries VALUES(26,'So Tom and Prncipe','sao-tome-and-principe','st',61,'STP',NULL,NULL,183176,1001,6,NULL,'f','t','f','f','STP',NULL,NULL,NULL,'STP','STP',NULL,'st',NULL,'2018-05-13 03:47:45.869199','2018-05-13 03:47:51.172286');
INSERT INTO countries VALUES(27,'Algeria','algeria','dz',63,'ALG',NULL,NULL,34178188,2381740,6,NULL,'f','t','f','f','DZ','DZ','DZA','012','ALG','ALG','AG','dz',NULL,'2018-05-13 03:47:45.881254','2018-05-13 03:47:50.887170');
INSERT INTO countries VALUES(28,'Egypt','egypt','eg',64,'EGY',NULL,NULL,82868000,1001450,6,NULL,'f','t','f','f','ET','EG','EGY','818','EGY','EGY','EG','eg',NULL,'2018-05-13 03:47:45.886069','2018-05-13 03:47:50.908193');
INSERT INTO countries VALUES(29,'Morocco','morocco','ma',65,'MAR',NULL,NULL,34859364,446550,6,NULL,'f','t','f','f','MA','MA','MAR','504','MAR','MAR','MO','ma',NULL,'2018-05-13 03:47:45.890367','2018-05-13 03:47:51.023928');
INSERT INTO countries VALUES(30,'Libya','libya','ly',66,'LBY',NULL,NULL,6310434,1759540,6,NULL,'f','t','f','f','LAR','LY','LBY','434','LBY','LBA','LY','ly',NULL,'2018-05-13 03:47:45.895374','2018-05-13 03:47:51.010728');
INSERT INTO countries VALUES(31,'Tunisia','tunisia','tn',67,'TUN',NULL,NULL,10486339,163610,6,NULL,'f','t','f','f','TN','TN','TUN','788','TUN','TUN','TS','tn',NULL,'2018-05-13 03:47:45.900309','2018-05-13 03:47:51.195040');
INSERT INTO countries VALUES(32,'South Sudan','south-sudan','ss',68,'SSD',NULL,NULL,8260490,619745,6,NULL,'f','t','f','f',NULL,'SS','SSD','728','SSD',NULL,'OD','ss',NULL,'2018-05-13 03:47:45.904875','2018-05-13 03:47:50.679861');
INSERT INTO countries VALUES(33,'Sudan','sudan','sd',70,'SDN',NULL,NULL,30894000,1886068,6,NULL,'f','t','f','f','SUD','SD','SDN','729','SDN','SUD','SU','sd',NULL,'2018-05-13 03:47:45.912266','2018-05-13 03:47:51.174651');
INSERT INTO countries VALUES(34,'South Africa','south-africa','za',72,'RSA',NULL,NULL,51770560,1219912,6,NULL,'f','t','f','f','ZA','ZA','ZAF','710','RSA','RSA','SF','za',NULL,'2018-05-13 03:47:45.919466','2018-05-13 03:47:51.244001');
INSERT INTO countries VALUES(35,'Botswana','botswana','bw',73,'BOT',NULL,NULL,2029307,581730,6,NULL,'f','t','f','f','RB','BW','BWA','072','BOT','BOT','BC','bw',NULL,'2018-05-13 03:47:45.923824','2018-05-13 03:47:51.102595');
INSERT INTO countries VALUES(36,'Lesotho','lesotho','ls',75,'LES',NULL,NULL,2067000,30355,6,NULL,'f','t','f','f','LS','LS','LSO','426','LES','LES','LT','ls',NULL,'2018-05-13 03:47:45.932173','2018-05-13 03:47:51.014719');
INSERT INTO countries VALUES(37,'Namibia','namibia','na',77,'NAM',NULL,NULL,2100000,825418,6,NULL,'f','t','f','f','NAM','NA','NAM','516','NAM','NAM','WA','na',NULL,'2018-05-13 03:47:45.939568','2018-05-13 03:47:51.055240');
INSERT INTO countries VALUES(38,'Swaziland','swaziland','sz',79,'SWZ',NULL,NULL,1185000,17364,6,NULL,'f','t','f','f','SD','SZ','SWZ','748','SWZ','SWZ','WZ','sz',NULL,'2018-05-13 03:47:45.946695','2018-05-13 03:47:51.151884');
INSERT INTO countries VALUES(39,'Benin','benin','bj',81,'BEN',NULL,NULL,9598787,112622,6,NULL,'f','t','f','f','DY','BJ','BEN','204','BEN','BEN','BN','bj',NULL,'2018-05-13 03:47:45.953621','2018-05-13 03:47:50.885152');
INSERT INTO countries VALUES(40,'Burkina Faso','burkina-faso','bf',83,'BFA',NULL,NULL,15730977,274200,6,NULL,'f','t','f','f','BF','BF','BFA','854','BFA','BUR','UV','bf',NULL,'2018-05-13 03:47:45.961799','2018-05-13 03:47:50.815156');
INSERT INTO countries VALUES(41,'Cape Verde','cape-verde','cv',85,'CPV',NULL,NULL,567000,4033,6,NULL,'f','t','f','f','CV',NULL,NULL,NULL,'CPV','CPV','CV','cv',NULL,'2018-05-13 03:47:45.969151','2018-05-13 03:47:50.870864');
INSERT INTO countries VALUES(42,'Cte d''Ivoire','cote-divoire','ci',87,'CIV',NULL,NULL,20617068,322460,6,NULL,'f','t','f','f','CI','CI','CIV','384','CIV','CIV','IV','ci',NULL,'2018-05-13 03:47:45.976606','2018-05-13 03:47:50.857859');
INSERT INTO countries VALUES(43,'Gambia','gambia','gm',88,'GAM',NULL,NULL,1782893,11295,6,NULL,'f','t','f','f','WAG','GM','GMB','270','GAM','GAM','GA','gm',NULL,'2018-05-13 03:47:45.980902','2018-05-13 03:47:51.221103');
INSERT INTO countries VALUES(44,'Ghana','ghana','gh',89,'GHA',NULL,NULL,23832495,239460,6,NULL,'f','t','f','f','GH','GH','GHA','288','GHA','GHA','GH','gh',NULL,'2018-05-13 03:47:45.985161','2018-05-13 03:47:50.948730');
INSERT INTO countries VALUES(45,'Guinea','guinea','gn',90,'GUI',NULL,NULL,10057975,245857,6,NULL,'f','t','f','f','RG','GN','GIN','324','GUI','GUI','GV','gn',NULL,'2018-05-13 03:47:45.990384','2018-05-13 03:47:51.112830');
INSERT INTO countries VALUES(46,'Guinea-Bissau','guinea-bissau','gw',92,'GNB',NULL,NULL,1647000,36125,6,NULL,'f','t','f','f','RGB','GW','GNB','624','GNB','GBS','PU','gw',NULL,'2018-05-13 03:47:45.997886','2018-05-13 03:47:51.115034');
INSERT INTO countries VALUES(47,'Liberia','liberia','lr',94,'LBR',NULL,NULL,3786764,111369,6,NULL,'f','t','f','f','LB','LR','LBR','430','LBR','LBR','LI','lr',NULL,'2018-05-13 03:47:46.005569','2018-05-13 03:47:51.012727');
INSERT INTO countries VALUES(48,'Mali','mali','ml',96,'MLI',NULL,NULL,14517176,1240192,6,NULL,'f','t','f','f','RMM','ML','MLI','466','MLI','MLI','ML','ml',NULL,'2018-05-13 03:47:46.012924','2018-05-13 03:47:51.130432');
INSERT INTO countries VALUES(49,'Mauritania','mauritania','mr',98,'MTN',NULL,NULL,3359185,1030700,6,NULL,'f','t','f','f','RIM','MR','MRT','478','MTN','MTN','MR','mr',NULL,'2018-05-13 03:47:46.024243','2018-05-13 03:47:51.121437');
INSERT INTO countries VALUES(50,'Niger','niger','ne',99,'NIG',NULL,NULL,16274738,1267000,6,NULL,'f','t','f','f','RN','NE','NER','562','NIG','NIG','NG','ne',NULL,'2018-05-13 03:47:46.028662','2018-05-13 03:47:51.132426');
INSERT INTO countries VALUES(51,'Nigeria','nigeria','ng',101,'NGA',NULL,NULL,166629000,923768,6,NULL,'f','t','f','f','WAN','NG','NGA','566','NGA','NGR','NI','ng',NULL,'2018-05-13 03:47:46.036165','2018-05-13 03:47:51.223054');
INSERT INTO countries VALUES(52,'Senegal','senegal','sn',102,'SEN',NULL,NULL,12855153,196723,6,NULL,'f','t','f','f','SN','SN','SEN','686','SEN','SEN','SG','sn',NULL,'2018-05-13 03:47:46.040443','2018-05-13 03:47:51.164190');
INSERT INTO countries VALUES(53,'Sierra Leone','sierra-leone','sl',104,'SLE',NULL,NULL,5485998,71740,6,NULL,'f','t','f','f','SLE','SL','SLE','694','SLE','SLE','SL','sl',NULL,'2018-05-13 03:47:46.047603','2018-05-13 03:47:51.158185');
INSERT INTO countries VALUES(54,'Togo','togo','tg',106,'TOG',NULL,NULL,6619000,56785,6,NULL,'f','t','f','f','TG','TG','TGO','768','TOG','TOG','TO','tg',NULL,'2018-05-13 03:47:46.055466','2018-05-13 03:47:51.187005');
INSERT INTO countries VALUES(55,'Antarctica','antarctica','aq',108,'ATA',NULL,NULL,0,14000000,10,NULL,'f','t','f','f','ARK','AQ','ATA','010',NULL,NULL,'AY','aq',NULL,'2018-05-13 03:47:46.063465','2018-05-13 03:47:50.794810');
INSERT INTO countries VALUES(56,'Kazakhstan','kazakhstan','kz',109,'KAZ',NULL,NULL,16600000,2724900,8,NULL,'f','t','f','f','KZ','KZ','KAZ','398','KAZ','KAZ','KZ','kz',NULL,'2018-05-13 03:47:46.069380','2018-05-13 03:47:51.002414');
INSERT INTO countries VALUES(57,'Kyrgyzstan','kyrgyzstan','kg',111,'KGZ',NULL,NULL,5550239,199900,8,NULL,'f','t','f','f','KS','KG','KGZ','417','KGZ','KGZ','KG','kg',NULL,'2018-05-13 03:47:46.077474','2018-05-13 03:47:50.996271');
INSERT INTO countries VALUES(58,'Tajikistan','tajikistan','tj',113,'TJK',NULL,NULL,7616000,143100,8,NULL,'f','t','f','f','TJ','TJ','TJK','762','TJK','TJK','TI','tj',NULL,'2018-05-13 03:47:46.085355','2018-05-13 03:47:51.188994');
INSERT INTO countries VALUES(59,'Turkmenistan','turkmenistan','tm',115,'TKM',NULL,NULL,5125693,491210,8,NULL,'f','t','f','f','TM','TM','TKM','795','TKM','TKM','TX','tm',NULL,'2018-05-13 03:47:46.092780','2018-05-13 03:47:51.193057');
INSERT INTO countries VALUES(60,'Uzbekistan','uzbekistan','uz',117,'UZB',NULL,NULL,29559100,447400,8,NULL,'f','t','f','f','UZ','UZ','UZB','860','UZB','UZB','UZ','uz',NULL,'2018-05-13 03:47:46.100034','2018-05-13 03:47:51.213084');
INSERT INTO countries VALUES(61,'Japan','japan','jp',119,'JPN',NULL,NULL,127950000,377930,8,NULL,'f','t','f','f','J','JP','JPN','392','JPN','JPN','JA','jp',NULL,'2018-05-13 03:47:46.107148','2018-05-13 03:47:50.982051');
INSERT INTO countries VALUES(62,'North Korea','north-korea','kp',121,'PRK',NULL,NULL,24346000,120538,8,NULL,'f','t','f','f','KP','KP','PRK','408','PRK','PRK','KN','kp',NULL,'2018-05-13 03:47:46.114906','2018-05-13 03:47:50.994235');
INSERT INTO countries VALUES(63,'South Korea','south-korea','kr',123,'KOR',NULL,NULL,48988833,99828,8,NULL,'f','t','f','f','ROK','KR','KOR','410','KOR','KOR','KS','kr',NULL,'2018-05-13 03:47:46.122492','2018-05-13 03:47:51.136497');
INSERT INTO countries VALUES(64,'China','china','cn',125,'CHN',NULL,NULL,1339724852,9596961,8,NULL,'f','t','f','f','CN','CN','CHN','156','CHN','CHN','CH','cn',NULL,'2018-05-13 03:47:46.130081','2018-05-13 03:47:50.861914');
INSERT INTO countries VALUES(65,'Taiwan','taiwan','tw',127,'TPE',NULL,NULL,23174528,36188,8,NULL,'f','t','f','f','RC','TW','TWN','158','TPE','TPE','TW','tw',NULL,'2018-05-13 03:47:46.137256','2018-05-13 03:47:51.104611');
INSERT INTO countries VALUES(66,'Mongolia','mongolia','mn',129,'MGL',NULL,NULL,2754685,1564116,8,NULL,'f','t','f','f','MGL','MN','MNG','496','MNG','MGL','MG','mn',NULL,'2018-05-13 03:47:46.144784','2018-05-13 03:47:51.035191');
INSERT INTO countries VALUES(67,'Pakistan','pakistan','pk',131,'PAK',NULL,NULL,180440000,796095,8,NULL,'f','t','f','f','PK','PK','PAK','586','PAK','PAK','PK','pk',NULL,'2018-05-13 03:47:46.152836','2018-05-13 03:47:51.080630');
INSERT INTO countries VALUES(68,'India','india','in',133,'IND',NULL,NULL,1210193422,3287240,8,NULL,'f','t','f','f','IND','IN','IND','356','IND','IND','IN','in',NULL,'2018-05-13 03:47:46.162387','2018-05-13 03:47:50.971971');
INSERT INTO countries VALUES(69,'Bangladesh','bangladesh','bd',135,'BAN',NULL,NULL,152518015,147570,8,NULL,'f','t','f','f','BD','BD','BGD','050','BAN','BAN','BG','bd',NULL,'2018-05-13 03:47:46.169745','2018-05-13 03:47:50.810958');
INSERT INTO countries VALUES(70,'Nepal','nepal','np',137,'NEP',NULL,NULL,26620080,147181,8,NULL,'f','t','f','f','NEP','NP','NPL','524','NEP','NEP','NP','np',NULL,'2018-05-13 03:47:46.178470','2018-05-13 03:47:51.061310');
INSERT INTO countries VALUES(71,'Sri Lanka','sri-lanka','lk',139,'SRI',NULL,NULL,20277597,65610,8,NULL,'f','t','f','f','CL','LK','LKA','144','SRI','SRI','CE','lk',NULL,'2018-05-13 03:47:46.185849','2018-05-13 03:47:50.859914');
INSERT INTO countries VALUES(72,'Bhutan','bhutan','bt',141,'BHU',NULL,NULL,742737,38394,8,NULL,'f','t','f','f','BHT','BT','BTN','064','BHU','BHU','BT','bt',NULL,'2018-05-13 03:47:46.193326','2018-05-13 03:47:50.819438');
INSERT INTO countries VALUES(73,'Maldives','maldives','mv',143,'MDV',NULL,NULL,328536,298,8,NULL,'f','t','f','f','MV','MV','MDV','462','MDV','MDV','MV','mv',NULL,'2018-05-13 03:47:46.200553','2018-05-13 03:47:51.049244');
INSERT INTO countries VALUES(74,'Afghanistan','afghanistan','af',145,'AFG',NULL,NULL,30419928,647500,8,NULL,'f','t','f','f','AFG','AF','AFG','004','AFG','AFG','AF','af',NULL,'2018-05-13 03:47:46.208629','2018-05-13 03:47:50.782441');
INSERT INTO countries VALUES(75,'Indonesia','indonesia','id',147,'IDN',NULL,NULL,241030522,1904569,8,NULL,'f','t','f','f','RI','ID','IDN','360','IDN','INA','ID','id',NULL,'2018-05-13 03:47:46.216104','2018-05-13 03:47:51.119398');
INSERT INTO countries VALUES(76,'Malaysia','malaysia','my',149,'MAS',NULL,NULL,28731000,329847,8,NULL,'f','t','f','f','MAL','MY','MYS','458','MAS','MAS','MY','my',NULL,'2018-05-13 03:47:46.223651','2018-05-13 03:47:51.025901');
INSERT INTO countries VALUES(77,'Singapore','singapore','sg',151,'SIN',NULL,NULL,5274700,724,8,NULL,'f','t','f','f','SGP','SG','SGP','702','SIN','SIN','SN','sg',NULL,'2018-05-13 03:47:46.230675','2018-05-13 03:47:51.153845');
INSERT INTO countries VALUES(78,'Thailand','thailand','th',153,'THA',NULL,NULL,64076000,513120,8,NULL,'f','t','f','f','T','TH','THA','764','THA','THA','TH','th',NULL,'2018-05-13 03:47:46.237873','2018-05-13 03:47:51.182790');
INSERT INTO countries VALUES(79,'Philippines','philippines','ph',155,'PHI',NULL,NULL,95856000,300000,8,NULL,'f','t','f','f','RP','PH','PHL','608','PHI','PHI','RP','ph',NULL,'2018-05-13 03:47:46.246254','2018-05-13 03:47:51.138506');
INSERT INTO countries VALUES(80,'Vietnam','vietnam','vn',157,'VIE',NULL,NULL,89316000,331210,8,NULL,'f','t','f','f','VN','VN','VNM','704','VIE','VIE','VN','vn',NULL,'2018-05-13 03:47:46.253654','2018-05-13 03:47:51.217124');
INSERT INTO countries VALUES(81,'Brunei','brunei','bn',159,'BRU',NULL,NULL,408786,5765,8,NULL,'f','t','f','f','BRU','BN','BRN','096','BRU','BRU','BX','bn',NULL,'2018-05-13 03:47:46.260862','2018-05-13 03:47:50.833310');
INSERT INTO countries VALUES(82,'Myanmar','myanmar','mm',161,'MYA',NULL,NULL,60280000,676578,8,NULL,'f','t','f','f',NULL,'MM','MMR','104','MYA','MYA',NULL,'mm',NULL,'2018-05-13 03:47:46.268192','2018-05-13 03:47:50.552756');
INSERT INTO countries VALUES(83,'Cambodia','cambodia','kh',163,'CAM',NULL,NULL,14952665,181035,8,NULL,'f','t','f','f','K','KH','KHM','116','CAM','CAM','CB','kh',NULL,'2018-05-13 03:47:46.276639','2018-05-13 03:47:50.986039');
INSERT INTO countries VALUES(84,'Timor-Leste','timor-leste','tl',165,'TLS','[East Timor]',NULL,1066582,14874,8,NULL,'f','t','f','f','TL','TL','TLS','626','TLS','TLS','TT','tl',NULL,'2018-05-13 03:47:46.286513','2018-05-13 03:47:51.191080');
INSERT INTO countries VALUES(85,'Laos','laos','la',167,'LAO',NULL,NULL,6500000,236800,8,NULL,'f','t','f','f','LAO','LA','LAO','418','LAO','LAO','LA','la',NULL,'2018-05-13 03:47:46.298215','2018-05-13 03:47:51.008584');
INSERT INTO countries VALUES(86,'Cuba','cuba','cu',169,'CUB',NULL,NULL,11204000,109886,5,NULL,'f','t','f','f','C','CU','CUB','192','CUB','CUB','CU','cu',NULL,'2018-05-13 03:47:46.308789','2018-05-13 03:47:50.848750');
INSERT INTO countries VALUES(87,'Jamaica','jamaica','jm',170,'JAM',NULL,NULL,2719000,10991,5,NULL,'f','t','f','f','JA','JM','JAM','388','JAM','JAM','JM','jm',NULL,'2018-05-13 03:47:46.314446','2018-05-13 03:47:50.984031');
INSERT INTO countries VALUES(88,'Dominican Republic','dominican-republic','do',171,'DOM',NULL,NULL,10090000,48671,5,NULL,'f','t','f','f','DOM','DO','DOM','214','DOM','DOM','DR','do',NULL,'2018-05-13 03:47:46.318781','2018-05-13 03:47:50.883187');
INSERT INTO countries VALUES(89,'Haiti','haiti','ht',172,'HAI',NULL,NULL,9719932,27750,5,NULL,'f','t','f','f','RH','HT','HTI','332','HAI','HAI','HA','ht',NULL,'2018-05-13 03:47:46.322971','2018-05-13 03:47:51.117339');
INSERT INTO countries VALUES(90,'Antigua and Barbuda','antigua-and-barbuda','ag',174,'ATG',NULL,NULL,81799,440,5,NULL,'f','t','f','f','AG','AG','ATG','028','ATG','ANT','AC','ag',NULL,'2018-05-13 03:47:46.330133','2018-05-13 03:47:50.784552');
INSERT INTO countries VALUES(91,'Bahamas','bahamas','bs',176,'BAH',NULL,NULL,353658,13878,5,NULL,'f','t','f','f','BS','BS','BHS','044','BAH','BAH','BF','bs',NULL,'2018-05-13 03:47:46.338066','2018-05-13 03:47:50.835333');
INSERT INTO countries VALUES(92,'Barbados','barbados','bb',178,'BRB',NULL,NULL,284589,431,5,NULL,'f','t','f','f','BDS','BB','BRB','052','BRB','BAR','BB','bb',NULL,'2018-05-13 03:47:46.345534','2018-05-13 03:47:50.813117');
INSERT INTO countries VALUES(93,'Dominica','dominica','dm',180,'DMA',NULL,NULL,73126,750,5,NULL,'f','t','f','f','WD','DM','DMA','212','DMA','DMA','DO','dm',NULL,'2018-05-13 03:47:46.352780','2018-05-13 03:47:51.225052');
INSERT INTO countries VALUES(94,'Grenada','grenada','gd',182,'GRN',NULL,NULL,110000,344,5,NULL,'f','t','f','f','WG','GD','GRD','308','GRN','GRN','GJ','gd',NULL,'2018-05-13 03:47:46.359809','2018-05-13 03:47:51.227110');
INSERT INTO countries VALUES(95,'Saint Kitts and Nevis','saint-kitts-and-nevis','kn',184,'SKN',NULL,NULL,51300,261,5,NULL,'f','t','f','f','KAN','KN','KNA','659','SKN','SKN','SC','kn',NULL,'2018-05-13 03:47:46.368125','2018-05-13 03:47:50.988145');
INSERT INTO countries VALUES(96,'Saint Lucia','saint-lucia','lc',186,'LCA',NULL,NULL,173765,617,5,NULL,'f','t','f','f','WL','LC','LCA','662','LCA','LCA','ST','lc',NULL,'2018-05-13 03:47:46.375625','2018-05-13 03:47:51.229068');
INSERT INTO countries VALUES(97,'Saint Vincent and the Grenadines','saint-vincent-and-the-grenadines','vc',188,'VIN',NULL,NULL,120000,389,5,NULL,'f','t','f','f','WV','VC','VCT','670','VIN','VIN','VC','vc',NULL,'2018-05-13 03:47:46.382756','2018-05-13 03:47:51.235842');
INSERT INTO countries VALUES(98,'Trinidad and Tobago','trinidad-and-tobago','tt',190,'TRI',NULL,NULL,1346350,5131,5,NULL,'f','t','f','f','TT','TT','TTO','780','TRI','TTO','TD','tt',NULL,'2018-05-13 03:47:46.389775','2018-05-13 03:47:51.201034');
INSERT INTO countries VALUES(99,'Belize','belize','bz',192,'BLZ',NULL,NULL,307000,22966,4,NULL,'f','t','f','f','BZ','BZ','BLZ','084','BLZ','BIZ','BH','bz',NULL,'2018-05-13 03:47:46.398554','2018-05-13 03:47:50.846700');
INSERT INTO countries VALUES(100,'Guatemala','guatemala','gt',194,'GUA',NULL,NULL,14027000,108889,4,NULL,'f','t','f','f','GCA','GT','GTM','320','GUA','GUA','GT','gt',NULL,'2018-05-13 03:47:46.406963','2018-05-13 03:47:50.944695');
INSERT INTO countries VALUES(101,'Costa Rica','costa-rica','cr',196,'CRC',NULL,NULL,4579000,51100,4,NULL,'f','t','f','f','CR','CR','CRI','188','CRC','CRC','CS','cr',NULL,'2018-05-13 03:47:46.414455','2018-05-13 03:47:50.868791');
INSERT INTO countries VALUES(102,'Honduras','honduras','hn',198,'HON',NULL,NULL,7466000,112492,4,NULL,'f','t','f','f','HN','HN','HND','340','HON','HON','HO','hn',NULL,'2018-05-13 03:47:46.421585','2018-05-13 03:47:50.963778');
INSERT INTO countries VALUES(103,'El Salvador','el-salvador','sv',200,'SLV',NULL,NULL,6163000,21041,4,NULL,'f','t','f','f','ES','SV','SLV','222','SLV','ESA','ES','sv',NULL,'2018-05-13 03:47:46.429874','2018-05-13 03:47:50.904102');
INSERT INTO countries VALUES(104,'Nicaragua','nicaragua','ni',202,'NCA',NULL,NULL,5743000,130373,4,NULL,'f','t','f','f','NIC','NI','NIC','558','NCA','NCA','NU','ni',NULL,'2018-05-13 03:47:46.437430','2018-05-13 03:47:51.063281');
INSERT INTO countries VALUES(105,'Panam','panama','pa',204,'PAN','[Panama]',NULL,3454000,75417,4,NULL,'f','t','f','f','PA','PA','PAN','591','PAN','PAN','PM','pa',NULL,'2018-05-13 03:47:46.447006','2018-05-13 03:47:51.074460');
INSERT INTO countries VALUES(106,'European Union','european-union','eu',206,'EUR',NULL,NULL,503492041,4324782,1,NULL,'t','f','f','f',NULL,NULL,NULL,NULL,NULL,NULL,NULL,'eu',NULL,'2018-05-13 03:47:46.454994','2018-05-13 03:47:49.369732');
INSERT INTO countries VALUES(107,'Austria','austria','at',207,'AUT',NULL,NULL,8414638,83871,1,106,'f','t','f','f','A','AT','AUT','040','AUT','AUT','AU','at',NULL,'2018-05-13 03:47:46.464159','2018-05-13 03:47:50.780070');
INSERT INTO countries VALUES(108,'Belgium','belgium','be',209,'BEL',NULL,NULL,11007020,30528,1,106,'f','t','f','f','B','BE','BEL','056','BEL','BEL','BE','be',NULL,'2018-05-13 03:47:46.471872','2018-05-13 03:47:50.807825');
INSERT INTO countries VALUES(109,'Cyprus','cyprus','cy',211,'CYP',NULL,NULL,1099341,9251,1,106,'f','t','f','f','CY','CY','CYP','196','CYP','CYP','CY','cy',NULL,'2018-05-13 03:47:46.479504','2018-05-13 03:47:50.872831');
INSERT INTO countries VALUES(110,'Germany','germany','de',213,'GER',NULL,NULL,81799600,357050,1,106,'f','t','f','f','D','DE','DEU','276','GER','GER','GM','de',NULL,'2018-05-13 03:47:46.487130','2018-05-13 03:47:50.876868');
INSERT INTO countries VALUES(111,'Estonia','estonia','ee',215,'EST',NULL,NULL,1340194,45226,1,106,'f','t','f','f','EST','EE','EST','233','EST','EST','EN','ee',NULL,'2018-05-13 03:47:46.495512','2018-05-13 03:47:50.906142');
INSERT INTO countries VALUES(112,'Spain','spain','es',217,'ESP',NULL,NULL,46030109,506030,1,106,'f','t','f','f','E','ES','ESP','724','ESP','ESP','SP','es',NULL,'2018-05-13 03:47:46.503101','2018-05-13 03:47:50.889154');
INSERT INTO countries VALUES(113,'Finland','finland','fi',219,'FIN',NULL,NULL,5391700,338145,1,106,'f','t','f','f','FIN','FI','FIN','246','FIN','FIN','FI','fi',NULL,'2018-05-13 03:47:46.510403','2018-05-13 03:47:50.915376');
INSERT INTO countries VALUES(114,'France','france','fr',221,'FRA',NULL,NULL,65821885,674843,1,106,'f','t','f','f','F','FR','FRA','250','FRA','FRA','FR','fr',NULL,'2018-05-13 03:47:46.517763','2018-05-13 03:47:50.913257');
INSERT INTO countries VALUES(115,'Greece','greece','gr',223,'GRE',NULL,NULL,10787690,131990,1,106,'f','t','f','f','GR','GR','GRC','300','GRE','GRE','GR','gr',NULL,'2018-05-13 03:47:46.526289','2018-05-13 03:47:50.952795');
INSERT INTO countries VALUES(116,'Ireland','ireland','ie',225,'IRL',NULL,NULL,4722028,70273,1,106,'f','t','f','f','IRL','IE','IRL','372','IRL','IRL','EI','ie',NULL,'2018-05-13 03:47:46.533758','2018-05-13 03:47:50.976049');
INSERT INTO countries VALUES(117,'Italy','italy','it',227,'ITA',NULL,NULL,60681514,301318,1,106,'f','t','f','f','I','IT','ITA','380','ITA','ITA','IT','it',NULL,'2018-05-13 03:47:46.541372','2018-05-13 03:47:50.967792');
INSERT INTO countries VALUES(118,'Luxembourg','luxembourg','lu',228,'LUX',NULL,NULL,511840,2586,1,106,'f','t','f','f','L','LU','LUX','442','LUX','LUX','LU','lu',NULL,'2018-05-13 03:47:46.545941','2018-05-13 03:47:51.004486');
INSERT INTO countries VALUES(119,'Malta','malta','mt',229,'MLT',NULL,NULL,417608,316,1,106,'f','t','f','f','M','MT','MLT','470','MLT','MLT','MT','mt',NULL,'2018-05-13 03:47:46.551266','2018-05-13 03:47:51.021893');
INSERT INTO countries VALUES(120,'Netherlands','netherlands','nl',230,'NED',NULL,NULL,16703700,41526,1,106,'f','t','f','f','NL','NL','NLD','528','NED','NED','NL','nl',NULL,'2018-05-13 03:47:46.556340','2018-05-13 03:47:51.065261');
INSERT INTO countries VALUES(121,'Portugal','portugal','pt',231,'POR',NULL,NULL,10647763,92391,1,106,'f','t','f','f','P','PT','PRT','620','POR','POR','PO','pt',NULL,'2018-05-13 03:47:46.561460','2018-05-13 03:47:51.071309');
INSERT INTO countries VALUES(122,'Slovakia','slovakia','sk',232,'SVK',NULL,NULL,5440078,49037,1,106,'f','t','f','f','SK','SK','SVK','703','SVK','SVK','LO','sk',NULL,'2018-05-13 03:47:46.566425','2018-05-13 03:47:51.156080');
INSERT INTO countries VALUES(123,'Slovenia','slovenia','si',233,'SVN',NULL,NULL,2048951,20273,1,106,'f','t','f','f','SLO','SI','SVN','705','SVN','SLO','SI','si',NULL,'2018-05-13 03:47:46.571133','2018-05-13 03:47:51.160190');
INSERT INTO countries VALUES(124,'Bulgaria','bulgaria','bg',234,'BUL',NULL,NULL,7364570,110994,1,106,'f','t','f','f','BG','BG','BGR','100','BUL','BUL','BU','bg',NULL,'2018-05-13 03:47:46.575959','2018-05-13 03:47:50.817190');
INSERT INTO countries VALUES(125,'Denmark','denmark','dk',235,'DEN',NULL,NULL,5564219,43094,1,106,'f','t','f','f','DK','DK','DNK','208','DEN','DEN','DA','dk',NULL,'2018-05-13 03:47:46.582909','2018-05-13 03:47:50.881168');
INSERT INTO countries VALUES(126,'Latvija','latvija','lv',236,'LVA','[Latvia]',NULL,2245357,64589,1,106,'f','t','f','f','LV','LV','LVA','428','LVA','LAT','LG','lv',NULL,'2018-05-13 03:47:46.587482','2018-05-13 03:47:51.019799');
INSERT INTO countries VALUES(127,'Lithuania','lithuania','lt',237,'LTU',NULL,NULL,3207060,65303,1,106,'f','t','f','f','LT','LT','LTU','440','LTU','LTU','LH','lt',NULL,'2018-05-13 03:47:46.591985','2018-05-13 03:47:51.016728');
INSERT INTO countries VALUES(128,'Poland','poland','pl',238,'POL',NULL,NULL,38186860,312683,1,106,'f','t','f','f','PL','PL','POL','616','POL','POL','PL','pl',NULL,'2018-05-13 03:47:46.596567','2018-05-13 03:47:51.082706');
INSERT INTO countries VALUES(129,'Romania','romania','ro',239,'ROU',NULL,NULL,19042936,238391,1,106,'f','t','f','f','RO','RO','ROU','642','ROU','ROU','RO','ro',NULL,'2018-05-13 03:47:46.601130','2018-05-13 03:47:51.134444');
INSERT INTO countries VALUES(130,'Sweden','sweden','se',240,'SWE',NULL,NULL,9415570,449964,1,106,'f','t','f','f','S','SE','SWE','752','SWE','SWE','SW','se',NULL,'2018-05-13 03:47:46.605558','2018-05-13 03:47:51.149905');
INSERT INTO countries VALUES(131,'Czech Republic','czech-republic','cz',241,'CZE','Czech Rep.',NULL,10535811,78866,1,106,'f','t','f','f','CZ','CZ','CZE','203','CZE','CZE','EZ','cz',NULL,'2018-05-13 03:47:46.610051','2018-05-13 03:47:50.874902');
INSERT INTO countries VALUES(132,'Hungary','hungary','hu',242,'HUN',NULL,NULL,9979000,93030,1,106,'f','t','f','f','H','HU','HUN','348','HUN','HUN','HU','hu',NULL,'2018-05-13 03:47:46.614560','2018-05-13 03:47:50.957268');
INSERT INTO countries VALUES(133,'Great Britain','great-britain','gb',243,'GBR','United Kingdom',NULL,63047162,243610,1,106,'f','t','f','f','GB','GB','GBR','826',NULL,'GBR','UK','uk',NULL,'2018-05-13 03:47:46.619112','2018-05-13 03:47:50.931650');
INSERT INTO countries VALUES(134,'Andorra','andorra','ad',244,'AND',NULL,NULL,85082,468,1,NULL,'f','t','f','f','AND','AD','AND','020','AND','AND','AN','ad',NULL,'2018-05-13 03:47:46.623381','2018-05-13 03:47:50.790605');
INSERT INTO countries VALUES(135,'Albania','albania','al',245,'ALB',NULL,NULL,3002859,28748,1,NULL,'f','t','f','f','AL','AL','ALB','008','ALB','ALB','AL','al',NULL,'2018-05-13 03:47:46.627518','2018-05-13 03:47:50.786592');
INSERT INTO countries VALUES(136,'Belarus','belarus','by',246,'BLR',NULL,NULL,9643566,207600,1,NULL,'f','t','f','f','BY','BY','BLR','112','BLR','BLR','BO','by',NULL,'2018-05-13 03:47:46.631723','2018-05-13 03:47:50.844707');
INSERT INTO countries VALUES(137,'Switzerland','switzerland','ch',247,'SUI',NULL,NULL,7866500,41285,1,NULL,'f','t','f','f','CH','CH','CHE','756','SUI','SUI','SZ','ch',NULL,'2018-05-13 03:47:46.635854','2018-05-13 03:47:50.855877');
INSERT INTO countries VALUES(138,'Croatia','croatia','hr',248,'CRO',NULL,NULL,4290612,56594,1,NULL,'f','t','f','f','HR','HR','HRV','191','CRO','CRO','HR','hr',NULL,'2018-05-13 03:47:46.640044','2018-05-13 03:47:50.965787');
INSERT INTO countries VALUES(139,'Serbia','serbia','rs',249,'SRB',NULL,NULL,7276604,88361,1,NULL,'f','t','f','f','SRB','RS','SRB','688','SRB','SRB','RI','rs',NULL,'2018-05-13 03:47:46.644204','2018-05-13 03:47:51.170302');
INSERT INTO countries VALUES(140,'Russia','russia','ru',250,'RUS',NULL,NULL,142517670,17098242,1,NULL,'f','t','f','f','RUS','RU','RUS','643','RUS','RUS','RS','ru',NULL,'2018-05-13 03:47:46.648413','2018-05-13 03:47:51.145705');
INSERT INTO countries VALUES(141,'Turkey','turkey','tr',251,'TUR',NULL,NULL,79749461,783562,1,NULL,'f','t','f','f','TR','TR','TUR','792','TUR','TUR','TU','tr',NULL,'2018-05-13 03:47:46.652593','2018-05-13 03:47:51.199063');
INSERT INTO countries VALUES(142,'Ukraine','ukraine','ua',252,'UKR',NULL,NULL,44854065,603550,1,NULL,'f','t','f','f','UA','UA','UKR','804','UKR','UKR','UP','ua',NULL,'2018-05-13 03:47:46.656813','2018-05-13 03:47:51.205129');
INSERT INTO countries VALUES(143,'Macedonia','macedonia','mk',253,'MKD',NULL,NULL,2082370,25713,1,NULL,'f','t','f','f','MK','MK','MKD','807','MKD','MKD','MK','mk',NULL,'2018-05-13 03:47:46.661063','2018-05-13 03:47:51.039227');
INSERT INTO countries VALUES(144,'Norway','norway','no',254,'NOR',NULL,NULL,4993300,385155,1,NULL,'f','t','f','f','N','NO','NOR','578','NOR','NOR','NO','no',NULL,'2018-05-13 03:47:46.665353','2018-05-13 03:47:51.053224');
INSERT INTO countries VALUES(145,'Iceland','iceland','is',255,'ISL',NULL,NULL,318452,103000,1,NULL,'f','t','f','f','IS','IS','ISL','352','ISL','ISL','IC','is',NULL,'2018-05-13 03:47:46.669599','2018-05-13 03:47:50.980014');
INSERT INTO countries VALUES(146,'Vatican City','vatican-city','va',256,'VAT',NULL,NULL,836,1,1,NULL,'f','t','f','f','V','VA','VAT','336',NULL,NULL,'VT','va',NULL,'2018-05-13 03:47:46.673972','2018-05-13 03:47:51.215159');
INSERT INTO countries VALUES(147,'Bosnia and Herzegovina','bosnia-and-herzegovina','ba',258,'BIH','Bosnia-Herzegovina',NULL,3839737,51197,1,NULL,'f','t','f','f','BIH','BA','BIH','070','BIH','BIH','BK','ba',NULL,'2018-05-13 03:47:46.681266','2018-05-13 03:47:50.822943');
INSERT INTO countries VALUES(148,'Liechtenstein','liechtenstein','li',260,'LIE',NULL,NULL,36281,160,1,NULL,'f','t','f','f','FL','LI','LIE','438','LIE','LIE','LS','li',NULL,'2018-05-13 03:47:46.689042','2018-05-13 03:47:50.921595');
INSERT INTO countries VALUES(149,'Monaco','monaco','mc',262,'MCO',NULL,NULL,36371,2,1,NULL,'f','t','f','f','MC','MC','MCO','492',NULL,'MON','MN','mc',NULL,'2018-05-13 03:47:46.696945','2018-05-13 03:47:51.027961');
INSERT INTO countries VALUES(150,'Montenegro','montenegro','me',264,'MNE',NULL,NULL,625266,13812,1,NULL,'f','t','f','f','MNE','ME','MNE','499','MNE','MNE','MJ','me',NULL,'2018-05-13 03:47:46.707370','2018-05-13 03:47:51.041205');
INSERT INTO countries VALUES(151,'Moldova','moldova','md',266,'MDA',NULL,NULL,3559500,33846,1,NULL,'f','t','f','f','MD','MD','MDA','498','MDA','MDA','MD','md',NULL,'2018-05-13 03:47:46.715103','2018-05-13 03:47:51.029987');
INSERT INTO countries VALUES(152,'San Marino','san-marino','sm',268,'SMR',NULL,NULL,32404,61,1,NULL,'f','t','f','f','RSM','SM','SMR','674','SMR','SMR','SM','sm',NULL,'2018-05-13 03:47:46.722445','2018-05-13 03:47:51.140484');
INSERT INTO countries VALUES(153,'Georgia','georgia','ge',270,'GEO',NULL,NULL,4570934,69700,1,NULL,'f','t','f','f','GE','GE','GEO','268','GEO','GEO','GG','ge',NULL,'2018-05-13 03:47:46.729620','2018-05-13 03:47:50.946762');
INSERT INTO countries VALUES(154,'Armenia','armenia','am',271,'ARM',NULL,NULL,2970495,29743,1,NULL,'f','t','f','f','AM','AM','ARM','051','ARM','ARM','AM','am',NULL,'2018-05-13 03:47:46.733786','2018-05-13 03:47:50.788603');
INSERT INTO countries VALUES(155,'Azerbaijan','azerbaijan','az',272,'AZE',NULL,NULL,9165000,86600,1,NULL,'f','t','f','f','AZ','AZ','AZE','031','AZE','AZE','AJ','az',NULL,'2018-05-13 03:47:46.739336','2018-05-13 03:47:50.805385');
INSERT INTO countries VALUES(156,'Bahrain','bahrain','bh',274,'BHR',NULL,NULL,1234571,765,7,NULL,'f','t','f','f','BRN','BH','BHR','048','BHR','BRN','BA','bh',NULL,'2018-05-13 03:47:46.747542','2018-05-13 03:47:50.831302');
INSERT INTO countries VALUES(157,'Kuwait','kuwait','kw',276,'KUW',NULL,NULL,3566437,17820,7,NULL,'f','t','f','f','KWT','KW','KWT','414','KUW','KUW','KU','kw',NULL,'2018-05-13 03:47:46.755933','2018-05-13 03:47:51.000379');
INSERT INTO countries VALUES(158,'Oman','oman','om',278,'OMA',NULL,NULL,2773479,309501,7,NULL,'f','t','f','f','OM','OM','OMN','512','OMA','OMA','MU','om',NULL,'2018-05-13 03:47:46.763169','2018-05-13 03:47:51.069251');
INSERT INTO countries VALUES(159,'Qatar','qatar','qa',280,'QAT',NULL,NULL,1853563,11571,7,NULL,'f','t','f','f','Q','QA','QAT','634','QAT','QAT','QA','qa',NULL,'2018-05-13 03:47:46.770998','2018-05-13 03:47:51.098259');
INSERT INTO countries VALUES(160,'Saudi Arabia','saudi-arabia','sa',282,'KSA',NULL,NULL,27136977,1960582,7,NULL,'f','t','f','f','KSA','SA','SAU','682','KSA','KSA','SA','sa',NULL,'2018-05-13 03:47:46.779159','2018-05-13 03:47:50.998353');
INSERT INTO countries VALUES(161,'United Arab Emirates','united-arab-emirates','ae',284,'UAE',NULL,NULL,8264070,83600,7,NULL,'f','t','f','f','UAE','AE','ARE','784','UAE','UAE','AE','ae',NULL,'2018-05-13 03:47:46.786501','2018-05-13 03:47:51.207143');
INSERT INTO countries VALUES(162,'Yemen','yemen','ye',286,'YEM',NULL,NULL,25130000,527829,7,NULL,'f','t','f','f','YAR','YE','YEM','887','YEM','YEM','YM','ye',NULL,'2018-05-13 03:47:46.794000','2018-05-13 03:47:51.237931');
INSERT INTO countries VALUES(163,'Iraq','iraq','iq',288,'IRQ',NULL,NULL,31129225,438317,7,NULL,'f','t','f','f','IRQ','IQ','IRQ','368','IRQ','IRQ','IZ','iq',NULL,'2018-05-13 03:47:46.802074','2018-05-13 03:47:50.978018');
INSERT INTO countries VALUES(164,'Israel','israel','il',290,'ISR',NULL,NULL,7653600,20770,7,NULL,'f','t','f','f','IL','IL','ISR','376','ISR','ISR','IS','il',NULL,'2018-05-13 03:47:46.810038','2018-05-13 03:47:50.969895');
INSERT INTO countries VALUES(165,'Jordan','jordan','jo',292,'JOR',NULL,NULL,6508271,89342,7,NULL,'f','t','f','f','HKJ','JO','JOR','400','JOR','JOR','JO','jo',NULL,'2018-05-13 03:47:46.817617','2018-05-13 03:47:50.961693');
INSERT INTO countries VALUES(166,'Lebanon','lebanon','lb',294,'LIB',NULL,NULL,4224000,10452,7,NULL,'f','t','f','f','RL','LB','LBN','422','LIB','LIB','LE','lb',NULL,'2018-05-13 03:47:46.824959','2018-05-13 03:47:51.126276');
INSERT INTO countries VALUES(167,'Palestine','palestine','ps',296,'PLE',NULL,NULL,4260636,6220,7,NULL,'f','t','f','f','PS','PS','PSE','275','PLE','PLE',NULL,'ps',NULL,'2018-05-13 03:47:46.833369','2018-05-13 03:47:51.093515');
INSERT INTO countries VALUES(168,'Syria','syria','sy',297,'SYR',NULL,NULL,22530746,185180,7,NULL,'f','t','f','f','SYR','SY','SYR','760','SYR','SYR','SY','sy',NULL,'2018-05-13 03:47:46.839860','2018-05-13 03:47:51.178871');
INSERT INTO countries VALUES(169,'Iran','iran','ir',299,'IRN',NULL,NULL,75149669,1648195,7,NULL,'f','t','f','f','IR','IR','IRN','364','IRN','IRI','IR','ir',NULL,'2018-05-13 03:47:46.847794','2018-05-13 03:47:50.973955');
INSERT INTO countries VALUES(170,'Canada','canada','ca',301,'CAN',NULL,NULL,34278406,9984670,3,NULL,'f','t','f','f','CDN','CA','CAN','124','CAN','CAN','CA','ca',NULL,'2018-05-13 03:47:46.855494','2018-05-13 03:47:50.853783');
INSERT INTO countries VALUES(171,'United States','united-states','us',302,'USA',NULL,NULL,314167157,9629091,3,NULL,'f','t','f','f','USA','US','USA','840','USA','USA','US','us',NULL,'2018-05-13 03:47:46.861595','2018-05-13 03:47:51.209115');
INSERT INTO countries VALUES(172,'Mxico','mexico','mx',303,'MEX','[Mexico]',NULL,112322757,1972550,3,NULL,'f','t','f','f','MEX','MX','MEX','484','MEX','MEX','MX','mx',NULL,'2018-05-13 03:47:46.866521','2018-05-13 03:47:51.033039');
INSERT INTO countries VALUES(173,'Australia','australia','au',304,'AUS',NULL,NULL,22028000,7686850,9,NULL,'f','t','f','f','AUS','AU','AUS','036','AUS','AUS','AS','au',NULL,'2018-05-13 03:47:46.871558','2018-05-13 03:47:50.798951');
INSERT INTO countries VALUES(174,'Papua New Guinea','papua-new-guinea','pg',306,'PNG',NULL,NULL,5172033,462840,9,NULL,'f','t','f','f','PNG','PG','PNG','598','PNG','PNG','PP','pg',NULL,'2018-05-13 03:47:46.879888','2018-05-13 03:47:51.087488');
INSERT INTO countries VALUES(175,'Fiji','fiji','fj',308,'FIJ',NULL,NULL,849000,18274,9,NULL,'f','t','f','f','FJI','FJ','FJI','242','FIJ','FIJ','FJ','fj',NULL,'2018-05-13 03:47:46.887259','2018-05-13 03:47:50.919461');
INSERT INTO countries VALUES(176,'Solomon Islands','solomon-islands','sb',310,'SOL',NULL,NULL,523000,28400,9,NULL,'f','t','f','f','SOL','SB','SLB','090','SOL','SOL','BP','sb',NULL,'2018-05-13 03:47:46.895006','2018-05-13 03:47:51.168287');
INSERT INTO countries VALUES(177,'Vanuatu','vanuatu','vu',312,'VAN',NULL,NULL,224564,12190,9,NULL,'f','t','f','f','VU','VU','VUT','548','VAN','VAN','NH','vu',NULL,'2018-05-13 03:47:46.902351','2018-05-13 03:47:51.219112');
INSERT INTO countries VALUES(178,'Palau','palau','pw',314,'PLW',NULL,NULL,20956,459,9,NULL,'f','t','f','f','PAL','PW','PLW','585','PLW','PLW','PS','pw',NULL,'2018-05-13 03:47:46.909758','2018-05-13 03:47:51.076606');
INSERT INTO countries VALUES(179,'Micronesia','micronesia','fm',316,'FSM',NULL,NULL,111000,702,9,NULL,'f','t','f','f','FSM','FM','FSM','583','FSM','FSM','FM','fm',NULL,'2018-05-13 03:47:46.916749','2018-05-13 03:47:50.925889');
INSERT INTO countries VALUES(180,'Marshall Islands','marshall-islands','mh',318,'MHL',NULL,NULL,68000,181,9,NULL,'f','t','f','f','MH','MH','MHL','584',NULL,'MHL','RM','mh',NULL,'2018-05-13 03:47:46.924664','2018-05-13 03:47:51.037213');
INSERT INTO countries VALUES(181,'Nauru','nauru','nr',320,'NRU',NULL,NULL,9378,21,9,NULL,'f','t','f','f','NAU','NR','NRU','520',NULL,'NRU','NR','nr',NULL,'2018-05-13 03:47:46.932368','2018-05-13 03:47:51.057216');
INSERT INTO countries VALUES(182,'Kiribati','kiribati','ki',322,'KIR',NULL,NULL,103500,811,9,NULL,'f','t','f','f','KIR','KI','KIR','296','KIR','KIR','KR','ki',NULL,'2018-05-13 03:47:46.939999','2018-05-13 03:47:50.990173');
INSERT INTO countries VALUES(183,'New Zealand','new-zealand','nz',324,'NZL',NULL,NULL,4108037,268680,9,NULL,'f','t','f','f','NZ','NZ','NZL','554','NZL','NZL','NZ','nz',NULL,'2018-05-13 03:47:46.947309','2018-05-13 03:47:51.067247');
INSERT INTO countries VALUES(184,'Samoa','samoa','ws',326,'SAM',NULL,NULL,194320,2831,9,NULL,'f','t','f','f','WS','WS','WSM','882','SAM','SAM','WS','ws',NULL,'2018-05-13 03:47:46.955427','2018-05-13 03:47:51.231123');
INSERT INTO countries VALUES(185,'Tonga','tonga','to',328,'TGA',NULL,NULL,103036,748,9,NULL,'f','t','f','f','TO','TO','TON','776','TGA','TGA','TN','to',NULL,'2018-05-13 03:47:46.963022','2018-05-13 03:47:51.197001');
INSERT INTO countries VALUES(186,'Tuvalu','tuvalu','tv',330,'TUV',NULL,NULL,10544,26,9,NULL,'f','t','f','f','TUV','TV','TUV','798','TUV','TUV','TV','tv',NULL,'2018-05-13 03:47:46.970839','2018-05-13 03:47:51.203125');
INSERT INTO countries VALUES(187,'Argentina','argentina','ar',332,'ARG',NULL,NULL,40518425,2780400,2,NULL,'f','t','f','f','RA','AR','ARG','032','ARG','ARG','AR','ar',NULL,'2018-05-13 03:47:46.980920','2018-05-13 03:47:51.100576');
INSERT INTO countries VALUES(188,'Bolivia','bolivia','bo',334,'BOL',NULL,NULL,10907778,1098581,2,NULL,'f','t','f','f','BOL','BO','BOL','068','BOL','BOL','BL','bo',NULL,'2018-05-13 03:47:46.989796','2018-05-13 03:47:50.827133');
INSERT INTO countries VALUES(189,'Brazil','brazil','br',336,'BRA',NULL,NULL,192380000,8514215,2,NULL,'f','t','f','f','BR','BR','BRA','076','BRA','BRA','BR','br',NULL,'2018-05-13 03:47:46.997365','2018-05-13 03:47:50.829257');
INSERT INTO countries VALUES(190,'Chile','chile','cl',338,'CHI',NULL,NULL,16763470,755696,2,NULL,'f','t','f','f','RCH','CL','CHL','152','CHI','CHI','CI','cl',NULL,'2018-05-13 03:47:47.004772','2018-05-13 03:47:51.110815');
INSERT INTO countries VALUES(191,'Colombia','colombia','co',340,'COL',NULL,NULL,46413791,1138748,2,NULL,'f','t','f','f','CO','CO','COL','170','COL','COL','CO','co',NULL,'2018-05-13 03:47:47.011917','2018-05-13 03:47:50.863952');
INSERT INTO countries VALUES(192,'Ecuador','ecuador','ec',342,'ECU',NULL,NULL,15007343,258238,2,NULL,'f','t','f','f','EC','EC','ECU','218','ECU','ECU','EC','ec',NULL,'2018-05-13 03:47:47.020285','2018-05-13 03:47:50.899912');
INSERT INTO countries VALUES(193,'Peru','peru','pe',344,'PER',NULL,NULL,29546963,1285220,2,NULL,'f','t','f','f','PE','PE','PER','604','PER','PER','PE','pe',NULL,'2018-05-13 03:47:47.027571','2018-05-13 03:47:51.078644');
INSERT INTO countries VALUES(194,'Paraguay','paraguay','py',346,'PAR',NULL,NULL,6375830,406752,2,NULL,'f','t','f','f','PY','PY','PRY','600','PAR','PAR','PA','py',NULL,'2018-05-13 03:47:47.034819','2018-05-13 03:47:51.095874');
INSERT INTO countries VALUES(195,'Uruguay','uruguay','uy',348,'URU',NULL,NULL,3510386,176215,2,NULL,'f','t','f','f','UY','UY','URY','858','URU','URU','UY','uy',NULL,'2018-05-13 03:47:47.041894','2018-05-13 03:47:51.211108');
INSERT INTO countries VALUES(196,'Venezuela','venezuela','ve',350,'VEN',NULL,NULL,28833845,916445,2,NULL,'f','t','f','f','YV','VE','VEN','862','VEN','VEN','VE','ve',NULL,'2018-05-13 03:47:47.050240','2018-05-13 03:47:51.239987');
INSERT INTO countries VALUES(197,'Guyana','guyana','gy',352,'GUY',NULL,NULL,752940,214970,2,NULL,'f','t','f','f','GUY','GY','GUY','328','GUY','GUY','GY','gy',NULL,'2018-05-13 03:47:47.057838','2018-05-13 03:47:50.954891');
INSERT INTO countries VALUES(198,'Suriname','suriname','sr',354,'SUR',NULL,NULL,492829,163820,2,NULL,'f','t','f','f','SME','SR','SUR','740','SUR','SUR','NS','sr',NULL,'2018-05-13 03:47:47.065577','2018-05-13 03:47:51.162208');
INSERT INTO countries VALUES(199,'Mayotte','mayotte','yt',356,'MYT',NULL,NULL,194000,374,6,114,'f','f','t','f',NULL,'YT','MYT','175',NULL,NULL,'MF','yt',NULL,'2018-05-13 03:47:47.073616','2018-05-13 03:47:50.521307');
INSERT INTO countries VALUES(200,'Runion','reunion','re',358,'REU',NULL,NULL,839500,2512,6,114,'f','f','t','f',NULL,'RE','REU','638','REU',NULL,'RE','re',NULL,'2018-05-13 03:47:47.084451','2018-05-13 03:47:50.616020');
INSERT INTO countries VALUES(201,'Saint Helena','saint-helena','sh',359,'SHN','Saint Helena, Ascension and Tristan da Cunha',NULL,7728,420,6,133,'f','f','t','f',NULL,'SH','SHN','654',NULL,NULL,'SH','sh',NULL,'2018-05-13 03:47:47.090907','2018-05-13 03:47:50.626955');
INSERT INTO countries VALUES(202,'Bouvet Island','bouvet-island','bv',361,'BVT',NULL,NULL,0,49,10,144,'f','f','t','f',NULL,'BV','BVT','074',NULL,NULL,'BV','bv',NULL,'2018-05-13 03:47:47.100801','2018-05-13 03:47:50.272331');
INSERT INTO countries VALUES(203,'French Southern Territories','french-southern-territories','tf',362,'ATF','French Southern and Antarctic Lands',NULL,0,439781,10,114,'f','f','t','f',NULL,'TF','ATF','260',NULL,NULL,'FS','tf',NULL,'2018-05-13 03:47:47.109533','2018-05-13 03:47:50.384849');
INSERT INTO countries VALUES(204,'Heard Island and McDonald Islands','heard-island-and-mcdonald-islands','hm',364,'HMD',NULL,NULL,0,368,10,173,'f','f','t','f',NULL,'HM','HMD','334',NULL,NULL,'HM','hm',NULL,'2018-05-13 03:47:47.119311','2018-05-13 03:47:50.425500');
INSERT INTO countries VALUES(205,'South Georgia and South Sandwich','south-georgia-and-south-sandwich','gs',365,'SGS','South Georgia and the South Sandwich Islands',NULL,0,3903,10,133,'f','f','t','f',NULL,'GS','SGS','239',NULL,NULL,NULL,'gs',NULL,'2018-05-13 03:47:47.125659','2018-05-13 03:47:50.677476');
INSERT INTO countries VALUES(206,'Hong Kong','hong-kong','hk',367,'HKG',NULL,NULL,7061200,1104,8,64,'f','f','t','f','HK','HK','HKG','344','HKG','HKG','HK','hk',NULL,'2018-05-13 03:47:47.136399','2018-05-13 03:47:50.959658');
INSERT INTO countries VALUES(207,'Macau','macau','mo',368,'MAC','Macao',NULL,568700,30,8,64,'f','f','t','f','MO','MO','MAC','446','MAC',NULL,'MC','mo',NULL,'2018-05-13 03:47:47.144407','2018-05-13 03:47:51.043210');
INSERT INTO countries VALUES(208,'Cocos (Keeling) Islands','cocos-keeling-islands','cc',369,'CCK',NULL,NULL,596,14,8,173,'f','f','t','f',NULL,NULL,NULL,NULL,NULL,NULL,NULL,NULL,NULL,'2018-05-13 03:47:47.152477','2018-05-13 03:47:47.736916');
INSERT INTO countries VALUES(209,'Christmas Island','christmas-island','cx',371,'CXR',NULL,NULL,2072,135,8,173,'f','f','t','f',NULL,'CX','CXR','162',NULL,NULL,'KT','cx',NULL,'2018-05-13 03:47:47.162685','2018-05-13 03:47:50.311730');
INSERT INTO countries VALUES(210,'British Indian Ocean Territory','british-indian-ocean-territory','io',373,'IOT','Chagos Islands',NULL,4000,54400,8,133,'f','f','t','f',NULL,'IO','IOT','086',NULL,NULL,'IO','io',NULL,'2018-05-13 03:47:47.172901','2018-05-13 03:47:50.276970');
INSERT INTO countries VALUES(211,'Puerto Rico','puerto-rico','pr',375,'PUR',NULL,NULL,3982000,8870,5,171,'f','f','t','f','PR','PR','PRI','630','PUR','PUR','RQ','pr',NULL,'2018-05-13 03:47:47.183048','2018-05-13 03:47:51.089683');
INSERT INTO countries VALUES(212,'United States Virgin Islands','united-states-virgin-islands','vi',376,'VIR','US Virgin Islands',NULL,106405,346,5,171,'f','f','t','f',NULL,'VI','VIR','850','VIR','ISV','VQ','vi',NULL,'2018-05-13 03:47:47.189510','2018-05-13 03:47:50.756380');
INSERT INTO countries VALUES(213,'Guadeloupe','guadeloupe','gp',378,'GPE',NULL,NULL,405500,1628,5,114,'f','f','t','f',NULL,'GP','GLP','312','GPE',NULL,'GP','gp',NULL,'2018-05-13 03:47:47.198557','2018-05-13 03:47:50.407251');
INSERT INTO countries VALUES(214,'Martinique','martinique','mq',379,'MTQ',NULL,NULL,403795,1128,5,114,'f','f','t','f',NULL,'MQ','MTQ','474','MTQ',NULL,'MB','mq',NULL,'2018-05-13 03:47:47.205865','2018-05-13 03:47:50.514834');
INSERT INTO countries VALUES(215,'Saint Barthlemy','saint-barthelemy','bl',380,'BLM',NULL,NULL,8902,22,5,114,'f','f','t','f',NULL,'BL','BLM','652',NULL,NULL,NULL,NULL,NULL,'2018-05-13 03:47:47.212215','2018-05-13 03:47:50.624565');
INSERT INTO countries VALUES(216,'Saint Martin (French part)','saint-martin-french-part','mf',381,'MAF',NULL,NULL,36824,54,5,114,'f','f','t','f',NULL,'MF','MAF','663',NULL,NULL,'RN',NULL,NULL,'2018-05-13 03:47:47.218753','2018-05-13 03:47:50.633988');
INSERT INTO countries VALUES(217,'Aruba','aruba','aw',383,'ABW',NULL,NULL,101484,179,5,120,'f','f','t','f','ARU','AW','ABW','533','ARU','ARU','AA','aw',NULL,'2018-05-13 03:47:47.227762','2018-05-13 03:47:50.796933');
INSERT INTO countries VALUES(218,'Curaao','curacao','cw',385,'CUW',NULL,NULL,142180,444,5,120,'f','f','t','f',NULL,'CW','CUW','531','CUW',NULL,'UC','cw',NULL,'2018-05-13 03:47:47.238313','2018-05-13 03:47:50.337143');
INSERT INTO countries VALUES(219,'Sint Maarten (Dutch part)','sint-maarten-dutch-part','sx',387,'SXM',NULL,NULL,37429,34,5,120,'f','f','t','f',NULL,'SX','SXM','534','SXM',NULL,'NN','sx',NULL,'2018-05-13 03:47:47.250046','2018-05-13 03:47:50.663444');
INSERT INTO countries VALUES(220,'Anguilla','anguilla','ai',389,'AIA',NULL,NULL,13600,91,5,133,'f','f','t','f','AXA','AI','AIA','660','AIA',NULL,'AV','ai',NULL,'2018-05-13 03:47:47.259089','2018-05-13 03:47:50.803358');
INSERT INTO countries VALUES(221,'Cayman Islands','cayman-islands','ky',391,'CYM',NULL,NULL,54878,264,5,133,'f','f','t','f',NULL,'KY','CYM','136','CAY','CAY','CJ','ky',NULL,'2018-05-13 03:47:47.268722','2018-05-13 03:47:50.300740');
INSERT INTO countries VALUES(222,'Montserrat','montserrat','ms',392,'MSR',NULL,NULL,5164,102,5,133,'f','f','t','f',NULL,'MS','MSR','500','MSR',NULL,'MH','ms',NULL,'2018-05-13 03:47:47.279650','2018-05-13 03:47:50.544631');
INSERT INTO countries VALUES(223,'Turks and Caicos Islands','turks-and-caicos-islands','tc',394,'TCA',NULL,NULL,46400,616,5,133,'f','f','t','f',NULL,'TC','TCA','796','TCA',NULL,'TK','tc',NULL,'2018-05-13 03:47:47.288780','2018-05-13 03:47:50.732171');
INSERT INTO countries VALUES(224,'British Virgin Islands','british-virgin-islands','vg',396,'VGB',NULL,NULL,27800,153,5,133,'f','f','t','f','BVI','VG','VGB','092','VGB','IVB','VI','vg',NULL,'2018-05-13 03:47:47.298642','2018-05-13 03:47:50.840117');
INSERT INTO countries VALUES(225,'England','england','eng',398,'ENG',NULL,NULL,53013000,130395,1,133,'f','f','t','f','ENG',NULL,NULL,NULL,'ENG',NULL,NULL,NULL,NULL,'2018-05-13 03:47:47.308664','2018-05-13 03:47:51.253140');
INSERT INTO countries VALUES(226,'Scotland','scotland','sco',399,'SCO',NULL,NULL,5254800,78387,1,133,'f','f','t','f','SCO',NULL,NULL,NULL,'SCO',NULL,NULL,NULL,NULL,'2018-05-13 03:47:47.315038','2018-05-13 03:47:51.255192');
INSERT INTO countries VALUES(227,'Wales','wales','wal',400,'WAL',NULL,NULL,3064000,20779,1,133,'f','f','t','f','CYM',NULL,NULL,NULL,'WAL',NULL,NULL,NULL,NULL,'2018-05-13 03:47:47.320939','2018-05-13 03:47:51.251095');
INSERT INTO countries VALUES(228,'Northern Ireland','northern-ireland','nir',401,'NIR',NULL,NULL,1810900,13843,1,133,'f','f','t','f','NI',NULL,NULL,NULL,'NIR',NULL,NULL,NULL,NULL,'2018-05-13 03:47:47.327167','2018-05-13 03:47:51.257224');
INSERT INTO countries VALUES(229,'Gibraltar','gibraltar','gi',403,'GIB',NULL,NULL,29200,7,1,133,'f','f','t','f','GBZ','GI','GIB','292','GIB',NULL,'GI','gi',NULL,'2018-05-13 03:47:47.336761','2018-05-13 03:47:50.942671');
INSERT INTO countries VALUES(230,'Isle of Man','isle-of-man','im',404,'IMN',NULL,NULL,82900,572,1,133,'f','f','t','f','GBM','IM','IMN','833',NULL,NULL,'IM','im',NULL,'2018-05-13 03:47:47.343139','2018-05-13 03:47:50.940652');
INSERT INTO countries VALUES(231,'Jersey','jersey','je',405,'JEY',NULL,NULL,97900,116,1,133,'f','f','t','f','GBJ','JE','JEY','832',NULL,NULL,'JE','je',NULL,'2018-05-13 03:47:47.353709','2018-05-13 03:47:50.938537');
INSERT INTO countries VALUES(232,'Guernsey','guernsey','gg',406,'GGY',NULL,NULL,62300,63,1,133,'f','f','t','f','GBG','GG','GGY','831',NULL,NULL,'GK','gg',NULL,'2018-05-13 03:47:47.362513','2018-05-13 03:47:50.936409');
INSERT INTO countries VALUES(233,'Faroe Islands','faroe-islands','fo',407,'FRO',NULL,NULL,49267,1399,1,125,'f','f','t','f','FO','FO','FRO','234','FRO',NULL,'FO','fo',NULL,'2018-05-13 03:47:47.369799','2018-05-13 03:47:50.923800');
INSERT INTO countries VALUES(234,'land Islands','aland-islands','ax',408,'ALA','land',NULL,28355,1580,1,113,'f','f','t','f','AX','AX','ALA','248',NULL,NULL,NULL,'ax',NULL,'2018-05-13 03:47:47.376257','2018-05-13 03:47:50.801143');
INSERT INTO countries VALUES(235,'Greenland','greenland','gl',409,'GRL',NULL,NULL,56370,2166086,3,125,'f','f','t','f','KN','GL','GRL','304',NULL,NULL,'GL','gl',NULL,'2018-05-13 03:47:47.385156','2018-05-13 03:47:50.992219');
INSERT INTO countries VALUES(236,'Saint Pierre and Miquelon','saint-pierre-and-miquelon','pm',410,'SPM',NULL,NULL,5888,242,3,114,'f','f','t','f',NULL,'PM','SPM','666',NULL,NULL,'SB',NULL,NULL,'2018-05-13 03:47:47.391998','2018-05-13 03:47:50.638006');
INSERT INTO countries VALUES(237,'Bermuda','bermuda','bm',411,'BMU',NULL,NULL,64268,53,3,133,'f','f','t','f',NULL,'BM','BMU','060','BER','BER','BD','bm',NULL,'2018-05-13 03:47:47.398203','2018-05-13 03:47:50.255598');
INSERT INTO countries VALUES(238,'Tahiti','tahiti','pf',413,'TAH',NULL,NULL,178133,1045,9,114,'f','f','t','f',NULL,NULL,NULL,NULL,'TAH',NULL,NULL,NULL,NULL,'2018-05-13 03:47:47.407824','2018-05-13 03:47:48.495138');
INSERT INTO countries VALUES(239,'New Caledonia','new-caledonia','nc',414,'NCL','Nouvelle-Caldonie',NULL,252000,18576,9,114,'f','f','t','f','NC','NC','NCL','540','NCL',NULL,'NC','nc',NULL,'2018-05-13 03:47:47.414049','2018-05-13 03:47:51.059325');
INSERT INTO countries VALUES(240,'Wallis and Futuna','wallis-and-futuna','wf',416,'WLF',NULL,NULL,15289,264,9,114,'f','f','t','f',NULL,'WF','WLF','876',NULL,NULL,'WF','wf',NULL,'2018-05-13 03:47:47.423617','2018-05-13 03:47:50.767763');
INSERT INTO countries VALUES(241,'American Samoa','american-samoa','as',417,'ASM',NULL,NULL,55519,197,9,171,'f','f','t','f',NULL,'AS','ASM','016','ASA','ASA','AQ','as',NULL,'2018-05-13 03:47:47.429763','2018-05-13 03:47:50.210809');
INSERT INTO countries VALUES(242,'Guam','guam','gu',418,'GUM',NULL,NULL,159358,541,9,171,'f','f','t','f',NULL,'GU','GUM','316','GUM','GUM','GQ','gu',NULL,'2018-05-13 03:47:47.435922','2018-05-13 03:47:50.409522');
INSERT INTO countries VALUES(243,'Northern Mariana Islands','northern-mariana-islands','mp',419,'MNP',NULL,NULL,53833,464,9,171,'f','f','t','f',NULL,'MP','MNP','580','NMI',NULL,'CQ','mp',NULL,'2018-05-13 03:47:47.441954','2018-05-13 03:47:50.578255');
INSERT INTO countries VALUES(244,'Cook Islands','cook-islands','ck',421,'COK',NULL,NULL,19569,240,9,183,'f','f','t','f',NULL,'CK','COK','184','COK','COK','CW','ck',NULL,'2018-05-13 03:47:47.450939','2018-05-13 03:47:50.326225');
INSERT INTO countries VALUES(245,'Niue','niue','nu',422,'NIU',NULL,NULL,1398,260,9,183,'f','f','t','f',NULL,'NU','NIU','570','NIU',NULL,'NE','nu',NULL,'2018-05-13 03:47:47.457665','2018-05-13 03:47:50.573704');
INSERT INTO countries VALUES(246,'Tokelau','tokelau','tk',424,'TKL',NULL,NULL,1411,10,9,183,'f','f','t','f',NULL,'TK','TKL','772',NULL,NULL,'TL','tk',NULL,'2018-05-13 03:47:47.467100','2018-05-13 03:47:50.717315');
INSERT INTO countries VALUES(247,'Norfolk Island','norfolk-island','nf',426,'NFK',NULL,NULL,2302,35,9,133,'f','f','t','f',NULL,'NF','NFK','574',NULL,NULL,'NF','nf',NULL,'2018-05-13 03:47:47.476319','2018-05-13 03:47:50.575968');
INSERT INTO countries VALUES(248,'Pitcairn Islands','pitcairn-islands','pn',428,'PCN',NULL,NULL,48,47,9,133,'f','f','t','f',NULL,'PN','PCN','612',NULL,NULL,'PC','pn',NULL,'2018-05-13 03:47:47.486027','2018-05-13 03:47:50.605186');
INSERT INTO countries VALUES(249,'French Guiana','french-guiana','gf',430,'GUF','Guyane',NULL,236250,83534,2,114,'f','f','t','f',NULL,'GF','GUF','254','GYF',NULL,'FG','gf',NULL,'2018-05-13 03:47:47.495915','2018-05-13 03:47:50.379813');
INSERT INTO countries VALUES(250,'Falkland Islands','falkland-islands','fk',432,'FLK','Malvinas',NULL,2841,12173,2,133,'f','f','t','f',NULL,'FK','FLK','238',NULL,NULL,'FK','fk',NULL,'2018-05-13 03:47:47.507898','2018-05-13 03:47:50.368999');
CREATE TABLE IF NOT EXISTS "states" ("id" integer PRIMARY KEY AUTOINCREMENT NOT NULL, "name" varchar NOT NULL, "key" varchar NOT NULL, "place_id" integer NOT NULL, "code" varchar, "abbr" varchar, "iso" varchar, "nuts" varchar, "alt_names" varchar, "country_id" integer NOT NULL, "level" integer DEFAULT 1 NOT NULL, "pop" integer, "area" integer, "created_at" datetime NOT NULL, "updated_at" datetime NOT NULL);
CREATE TABLE IF NOT EXISTS "parts" ("id" integer PRIMARY KEY AUTOINCREMENT NOT NULL, "name" varchar NOT NULL, "key" varchar NOT NULL, "place_id" integer NOT NULL, "code" varchar, "abbr" varchar, "iso" varchar, "nuts" varchar, "alt_names" varchar, "state_id" integer NOT NULL, "level" integer DEFAULT 2 NOT NULL, "pop" integer, "area" integer, "created_at" datetime NOT NULL, "updated_at" datetime NOT NULL);
CREATE TABLE IF NOT EXISTS "counties" ("id" integer PRIMARY KEY AUTOINCREMENT NOT NULL, "name" varchar NOT NULL, "key" varchar NOT NULL, "place_id" integer NOT NULL, "code" varchar, "abbr" varchar, "iso" varchar, "nuts" varchar, "alt_names" varchar, "state_id" integer NOT NULL, "part_id" integer, "level" integer DEFAULT 2 NOT NULL, "pop" integer, "area" integer, "created_at" datetime NOT NULL, "updated_at" datetime NOT NULL);
CREATE TABLE IF NOT EXISTS "munis" ("id" integer PRIMARY KEY AUTOINCREMENT NOT NULL, "name" varchar NOT NULL, "key" varchar NOT NULL, "place_id" integer NOT NULL, "code" varchar, "abbr" varchar, "iso" varchar, "nuts" varchar, "alt_names" varchar, "state_id" integer NOT NULL, "county_id" integer, "level" integer DEFAULT 3 NOT NULL, "pop" integer, "area" integer, "created_at" datetime NOT NULL, "updated_at" datetime NOT NULL);
CREATE TABLE IF NOT EXISTS "zones" ("id" integer PRIMARY KEY AUTOINCREMENT NOT NULL);
CREATE TABLE IF NOT EXISTS "cities" ("id" integer PRIMARY KEY AUTOINCREMENT NOT NULL, "name" varchar NOT NULL, "key" varchar NOT NULL, "place_id" integer NOT NULL, "code" varchar, "alt_names" varchar, "country_id" integer NOT NULL, "state_id" integer, "part_id" integer, "county_id" integer, "muni_id" integer, "metro_id" integer, "pop" integer, "area" integer, "created_at" datetime NOT NULL, "updated_at" datetime NOT NULL);
INSERT INTO cities VALUES(1,'Bujumbura','bujumbura',12,NULL,NULL,1,NULL,NULL,NULL,NULL,NULL,NULL,NULL,'2018-05-13 03:47:45.636826','2018-05-13 03:47:45.636826');
INSERT INTO cities VALUES(2,'Moroni','moroni',14,NULL,NULL,2,NULL,NULL,NULL,NULL,NULL,NULL,NULL,'2018-05-13 03:47:45.680213','2018-05-13 03:47:45.680213');
INSERT INTO cities VALUES(3,'Djibouti','djibouti',16,NULL,NULL,3,NULL,NULL,NULL,NULL,NULL,NULL,NULL,'2018-05-13 03:47:45.687779','2018-05-13 03:47:45.687779');
INSERT INTO cities VALUES(4,'Asmara','asmara',18,NULL,NULL,4,NULL,NULL,NULL,NULL,NULL,NULL,NULL,'2018-05-13 03:47:45.695548','2018-05-13 03:47:45.695548');
INSERT INTO cities VALUES(5,'Addis Ababa','addisababa',20,NULL,NULL,5,NULL,NULL,NULL,NULL,NULL,NULL,NULL,'2018-05-13 03:47:45.702838','2018-05-13 03:47:45.702838');
INSERT INTO cities VALUES(6,'Nairobi','nairobi',22,NULL,NULL,6,NULL,NULL,NULL,NULL,NULL,NULL,NULL,'2018-05-13 03:47:45.710952','2018-05-13 03:47:45.710952');
INSERT INTO cities VALUES(7,'Antananarivo','antananarivo',24,NULL,NULL,7,NULL,NULL,NULL,NULL,NULL,NULL,NULL,'2018-05-13 03:47:45.718746','2018-05-13 03:47:45.718746');
INSERT INTO cities VALUES(8,'Lilongwe','lilongwe',26,NULL,NULL,8,NULL,NULL,NULL,NULL,NULL,NULL,NULL,'2018-05-13 03:47:45.726690','2018-05-13 03:47:45.726690');
INSERT INTO cities VALUES(9,'Port Louis','portlouis',28,NULL,NULL,9,NULL,NULL,NULL,NULL,NULL,NULL,NULL,'2018-05-13 03:47:45.739514','2018-05-13 03:47:45.739514');
INSERT INTO cities VALUES(10,'Maputo','maputo',30,NULL,NULL,10,NULL,NULL,NULL,NULL,NULL,NULL,NULL,'2018-05-13 03:47:45.747665','2018-05-13 03:47:45.747665');
INSERT INTO cities VALUES(11,'Kigali','kigali',32,NULL,NULL,11,NULL,NULL,NULL,NULL,NULL,NULL,NULL,'2018-05-13 03:47:45.755466','2018-05-13 03:47:45.755466');
INSERT INTO cities VALUES(12,'Victoria','victoria',34,NULL,NULL,12,NULL,NULL,NULL,NULL,NULL,NULL,NULL,'2018-05-13 03:47:45.762623','2018-05-13 03:47:45.762623');
INSERT INTO cities VALUES(13,'Mogadishu','mogadishu',36,NULL,NULL,13,NULL,NULL,NULL,NULL,NULL,NULL,NULL,'2018-05-13 03:47:45.769884','2018-05-13 03:47:45.769884');
INSERT INTO cities VALUES(14,'Dodoma','dodoma',38,NULL,NULL,14,NULL,NULL,NULL,NULL,NULL,NULL,NULL,'2018-05-13 03:47:45.778567','2018-05-13 03:47:45.778567');
INSERT INTO cities VALUES(15,'Kampala','kampala',40,NULL,NULL,15,NULL,NULL,NULL,NULL,NULL,NULL,NULL,'2018-05-13 03:47:45.786058','2018-05-13 03:47:45.786058');
INSERT INTO cities VALUES(16,'Lusaka','lusaka',42,NULL,NULL,16,NULL,NULL,NULL,NULL,NULL,NULL,NULL,'2018-05-13 03:47:45.793267','2018-05-13 03:47:45.793267');
INSERT INTO cities VALUES(17,'Harare','harare',44,NULL,NULL,17,NULL,NULL,NULL,NULL,NULL,NULL,NULL,'2018-05-13 03:47:45.800747','2018-05-13 03:47:45.800747');
INSERT INTO cities VALUES(18,'Luanda','luanda',46,NULL,NULL,18,NULL,NULL,NULL,NULL,NULL,NULL,NULL,'2018-05-13 03:47:45.809098','2018-05-13 03:47:45.809098');
INSERT INTO cities VALUES(19,'Yaound','yaounde',48,NULL,NULL,19,NULL,NULL,NULL,NULL,NULL,NULL,NULL,'2018-05-13 03:47:45.816605','2018-05-13 03:47:45.816605');
INSERT INTO cities VALUES(20,'Bangui','bangui',50,NULL,NULL,20,NULL,NULL,NULL,NULL,NULL,NULL,NULL,'2018-05-13 03:47:45.824125','2018-05-13 03:47:45.824125');
INSERT INTO cities VALUES(21,'N''Djamena','ndjamena',52,NULL,NULL,21,NULL,NULL,NULL,NULL,NULL,NULL,NULL,'2018-05-13 03:47:45.831573','2018-05-13 03:47:45.831573');
INSERT INTO cities VALUES(22,'Brazzaville','brazzaville',54,NULL,NULL,22,NULL,NULL,NULL,NULL,NULL,NULL,NULL,'2018-05-13 03:47:45.839724','2018-05-13 03:47:45.839724');
INSERT INTO cities VALUES(23,'Kinshasa','kinshasa',56,NULL,NULL,23,NULL,NULL,NULL,NULL,NULL,NULL,NULL,'2018-05-13 03:47:45.848281','2018-05-13 03:47:45.848281');
INSERT INTO cities VALUES(24,'Malabo','malabo',58,NULL,NULL,24,NULL,NULL,NULL,NULL,NULL,NULL,NULL,'2018-05-13 03:47:45.855657','2018-05-13 03:47:45.855657');
INSERT INTO cities VALUES(25,'Libreville','libreville',60,NULL,NULL,25,NULL,NULL,NULL,NULL,NULL,NULL,NULL,'2018-05-13 03:47:45.863113','2018-05-13 03:47:45.863113');
INSERT INTO cities VALUES(26,'So Tom','saotome',62,NULL,NULL,26,NULL,NULL,NULL,NULL,NULL,NULL,NULL,'2018-05-13 03:47:45.871485','2018-05-13 03:47:45.871485');
INSERT INTO cities VALUES(27,'Juba','juba',69,NULL,NULL,32,NULL,NULL,NULL,NULL,NULL,NULL,NULL,'2018-05-13 03:47:45.907100','2018-05-13 03:47:45.907100');
INSERT INTO cities VALUES(28,'Khartoum','khartoum',71,NULL,NULL,33,NULL,NULL,NULL,NULL,NULL,NULL,NULL,'2018-05-13 03:47:45.914536','2018-05-13 03:47:45.914536');
INSERT INTO cities VALUES(29,'Gaborone','gaborone',74,NULL,NULL,35,NULL,NULL,NULL,NULL,NULL,NULL,NULL,'2018-05-13 03:47:45.926695','2018-05-13 03:47:45.926695');
INSERT INTO cities VALUES(30,'Maseru','maseru',76,NULL,NULL,36,NULL,NULL,NULL,NULL,NULL,NULL,NULL,'2018-05-13 03:47:45.934403','2018-05-13 03:47:45.934403');
INSERT INTO cities VALUES(31,'Windhoek','windhoek',78,NULL,NULL,37,NULL,NULL,NULL,NULL,NULL,NULL,NULL,'2018-05-13 03:47:45.941733','2018-05-13 03:47:45.941733');
INSERT INTO cities VALUES(32,'Lobamba','lobamba',80,NULL,NULL,38,NULL,NULL,NULL,NULL,NULL,NULL,NULL,'2018-05-13 03:47:45.948806','2018-05-13 03:47:45.948806');
INSERT INTO cities VALUES(33,'Porto-Novo','portonovo',82,NULL,NULL,39,NULL,NULL,NULL,NULL,NULL,NULL,NULL,'2018-05-13 03:47:45.955826','2018-05-13 03:47:45.955826');
INSERT INTO cities VALUES(34,'Ouagadougou','ouagadougou',84,NULL,NULL,40,NULL,NULL,NULL,NULL,NULL,NULL,NULL,'2018-05-13 03:47:45.964000','2018-05-13 03:47:45.964000');
INSERT INTO cities VALUES(35,'Praia','praia',86,NULL,NULL,41,NULL,NULL,NULL,NULL,NULL,NULL,NULL,'2018-05-13 03:47:45.971411','2018-05-13 03:47:45.971411');
INSERT INTO cities VALUES(36,'Conakry','conakry',91,NULL,NULL,45,NULL,NULL,NULL,NULL,NULL,NULL,NULL,'2018-05-13 03:47:45.992730','2018-05-13 03:47:45.992730');
INSERT INTO cities VALUES(37,'Bissau','bissau',93,NULL,NULL,46,NULL,NULL,NULL,NULL,NULL,NULL,NULL,'2018-05-13 03:47:46.000114','2018-05-13 03:47:46.000114');
INSERT INTO cities VALUES(38,'Monrovia','monrovia',95,NULL,NULL,47,NULL,NULL,NULL,NULL,NULL,NULL,NULL,'2018-05-13 03:47:46.007843','2018-05-13 03:47:46.007843');
INSERT INTO cities VALUES(39,'Bamako','bamako',97,NULL,NULL,48,NULL,NULL,NULL,NULL,NULL,NULL,NULL,'2018-05-13 03:47:46.015160','2018-05-13 03:47:46.015160');
INSERT INTO cities VALUES(40,'Niamey','niamey',100,NULL,NULL,50,NULL,NULL,NULL,NULL,NULL,NULL,NULL,'2018-05-13 03:47:46.030914','2018-05-13 03:47:46.030914');
INSERT INTO cities VALUES(41,'Dakar','dakar',103,NULL,NULL,52,NULL,NULL,NULL,NULL,NULL,NULL,NULL,'2018-05-13 03:47:46.042679','2018-05-13 03:47:46.042679');
INSERT INTO cities VALUES(42,'Freetown','freetown',105,NULL,NULL,53,NULL,NULL,NULL,NULL,NULL,NULL,NULL,'2018-05-13 03:47:46.049706','2018-05-13 03:47:46.049706');
INSERT INTO cities VALUES(43,'Lom','lome',107,NULL,NULL,54,NULL,NULL,NULL,NULL,NULL,NULL,NULL,'2018-05-13 03:47:46.057673','2018-05-13 03:47:46.057673');
INSERT INTO cities VALUES(44,'Astana','astana',110,NULL,NULL,56,NULL,NULL,NULL,NULL,NULL,NULL,NULL,'2018-05-13 03:47:46.071591','2018-05-13 03:47:46.071591');
INSERT INTO cities VALUES(45,'Bishkek','bishkek',112,NULL,NULL,57,NULL,NULL,NULL,NULL,NULL,NULL,NULL,'2018-05-13 03:47:46.079679','2018-05-13 03:47:46.079679');
INSERT INTO cities VALUES(46,'Dushanbe','dushanbe',114,NULL,NULL,58,NULL,NULL,NULL,NULL,NULL,NULL,NULL,'2018-05-13 03:47:46.087631','2018-05-13 03:47:46.087631');
INSERT INTO cities VALUES(47,'Ashgabat','ashgabat',116,NULL,NULL,59,NULL,NULL,NULL,NULL,NULL,NULL,NULL,'2018-05-13 03:47:46.095067','2018-05-13 03:47:46.095067');
INSERT INTO cities VALUES(48,'Tashkent','tashkent',118,NULL,NULL,60,NULL,NULL,NULL,NULL,NULL,NULL,NULL,'2018-05-13 03:47:46.102257','2018-05-13 03:47:46.102257');
INSERT INTO cities VALUES(49,'Tokyo','tokyo',120,NULL,NULL,61,NULL,NULL,NULL,NULL,NULL,NULL,NULL,'2018-05-13 03:47:46.109422','2018-05-13 03:47:46.109422');
INSERT INTO cities VALUES(50,'Pyongyang','pyongyang',122,NULL,NULL,62,NULL,NULL,NULL,NULL,NULL,NULL,NULL,'2018-05-13 03:47:46.117340','2018-05-13 03:47:46.117340');
INSERT INTO cities VALUES(51,'Seoul','seoul',124,NULL,NULL,63,NULL,NULL,NULL,NULL,NULL,NULL,NULL,'2018-05-13 03:47:46.124735','2018-05-13 03:47:46.124735');
INSERT INTO cities VALUES(52,'Beijing','beijing',126,NULL,NULL,64,NULL,NULL,NULL,NULL,NULL,NULL,NULL,'2018-05-13 03:47:46.132331','2018-05-13 03:47:46.132331');
INSERT INTO cities VALUES(53,'Taipei','taipei',128,NULL,NULL,65,NULL,NULL,NULL,NULL,NULL,NULL,NULL,'2018-05-13 03:47:46.139571','2018-05-13 03:47:46.139571');
INSERT INTO cities VALUES(54,'Ulan Bator','ulanbator',130,NULL,NULL,66,NULL,NULL,NULL,NULL,NULL,NULL,NULL,'2018-05-13 03:47:46.147479','2018-05-13 03:47:46.147479');
INSERT INTO cities VALUES(55,'Islamabad','islamabad',132,NULL,NULL,67,NULL,NULL,NULL,NULL,NULL,NULL,NULL,'2018-05-13 03:47:46.155116','2018-05-13 03:47:46.155116');
INSERT INTO cities VALUES(56,'New Delhi','newdelhi',134,NULL,NULL,68,NULL,NULL,NULL,NULL,NULL,NULL,NULL,'2018-05-13 03:47:46.164702','2018-05-13 03:47:46.164702');
INSERT INTO cities VALUES(57,'Dhaka','dhaka',136,NULL,NULL,69,NULL,NULL,NULL,NULL,NULL,NULL,NULL,'2018-05-13 03:47:46.172202','2018-05-13 03:47:46.172202');
INSERT INTO cities VALUES(58,'Kathmandu','kathmandu',138,NULL,NULL,70,NULL,NULL,NULL,NULL,NULL,NULL,NULL,'2018-05-13 03:47:46.180808','2018-05-13 03:47:46.180808');
INSERT INTO cities VALUES(59,'Colombo','colombo',140,NULL,NULL,71,NULL,NULL,NULL,NULL,NULL,NULL,NULL,'2018-05-13 03:47:46.188348','2018-05-13 03:47:46.188348');
INSERT INTO cities VALUES(60,'Thimphu','thimphu',142,NULL,NULL,72,NULL,NULL,NULL,NULL,NULL,NULL,NULL,'2018-05-13 03:47:46.195491','2018-05-13 03:47:46.195491');
INSERT INTO cities VALUES(61,'Mal','male',144,NULL,NULL,73,NULL,NULL,NULL,NULL,NULL,NULL,NULL,'2018-05-13 03:47:46.202730','2018-05-13 03:47:46.202730');
INSERT INTO cities VALUES(62,'Kabul','kabul',146,NULL,NULL,74,NULL,NULL,NULL,NULL,NULL,NULL,NULL,'2018-05-13 03:47:46.211030','2018-05-13 03:47:46.211030');
INSERT INTO cities VALUES(63,'Jakarta','jakarta',148,NULL,NULL,75,NULL,NULL,NULL,NULL,NULL,NULL,NULL,'2018-05-13 03:47:46.218260','2018-05-13 03:47:46.218260');
INSERT INTO cities VALUES(64,'Kuala Lumpur','kualalumpur',150,NULL,NULL,76,NULL,NULL,NULL,NULL,NULL,NULL,NULL,'2018-05-13 03:47:46.225836','2018-05-13 03:47:46.225836');
INSERT INTO cities VALUES(65,'Singapore','singapore',152,NULL,NULL,77,NULL,NULL,NULL,NULL,NULL,NULL,NULL,'2018-05-13 03:47:46.232806','2018-05-13 03:47:46.232806');
INSERT INTO cities VALUES(66,'Bangkok','bangkok',154,NULL,NULL,78,NULL,NULL,NULL,NULL,NULL,NULL,NULL,'2018-05-13 03:47:46.241040','2018-05-13 03:47:46.241040');
INSERT INTO cities VALUES(67,'Manila','manila',156,NULL,NULL,79,NULL,NULL,NULL,NULL,NULL,NULL,NULL,'2018-05-13 03:47:46.248442','2018-05-13 03:47:46.248442');
INSERT INTO cities VALUES(68,'Hanoi','hanoi',158,NULL,NULL,80,NULL,NULL,NULL,NULL,NULL,NULL,NULL,'2018-05-13 03:47:46.255868','2018-05-13 03:47:46.255868');
INSERT INTO cities VALUES(69,'Bandar Seri Begawan','bandarseribegawan',160,NULL,NULL,81,NULL,NULL,NULL,NULL,NULL,NULL,NULL,'2018-05-13 03:47:46.263159','2018-05-13 03:47:46.263159');
INSERT INTO cities VALUES(70,'Naypyidaw','naypyidaw',162,NULL,NULL,82,NULL,NULL,NULL,NULL,NULL,NULL,NULL,'2018-05-13 03:47:46.271327','2018-05-13 03:47:46.271327');
INSERT INTO cities VALUES(71,'Phnom Penh','phnompenh',164,NULL,NULL,83,NULL,NULL,NULL,NULL,NULL,NULL,NULL,'2018-05-13 03:47:46.278854','2018-05-13 03:47:46.278854');
INSERT INTO cities VALUES(72,'Dili','dili',166,NULL,NULL,84,NULL,NULL,NULL,NULL,NULL,NULL,NULL,'2018-05-13 03:47:46.291605','2018-05-13 03:47:46.291605');
INSERT INTO cities VALUES(73,'Vientiane','vientiane',168,NULL,NULL,85,NULL,NULL,NULL,NULL,NULL,NULL,NULL,'2018-05-13 03:47:46.300593','2018-05-13 03:47:46.300593');
INSERT INTO cities VALUES(74,'Port-au-Prince','portauprince',173,NULL,NULL,89,NULL,NULL,NULL,NULL,NULL,NULL,NULL,'2018-05-13 03:47:46.325150','2018-05-13 03:47:46.325150');
INSERT INTO cities VALUES(75,'Saint John''s','saintjohns',175,NULL,NULL,90,NULL,NULL,NULL,NULL,NULL,NULL,NULL,'2018-05-13 03:47:46.332812','2018-05-13 03:47:46.332812');
INSERT INTO cities VALUES(76,'Nassau','nassau',177,NULL,NULL,91,NULL,NULL,NULL,NULL,NULL,NULL,NULL,'2018-05-13 03:47:46.340349','2018-05-13 03:47:46.340349');
INSERT INTO cities VALUES(77,'Bridgetown','bridgetown',179,NULL,NULL,92,NULL,NULL,NULL,NULL,NULL,NULL,NULL,'2018-05-13 03:47:46.347786','2018-05-13 03:47:46.347786');
INSERT INTO cities VALUES(78,'Roseau','roseau',181,NULL,NULL,93,NULL,NULL,NULL,NULL,NULL,NULL,NULL,'2018-05-13 03:47:46.354970','2018-05-13 03:47:46.354970');
INSERT INTO cities VALUES(79,'St. George''s','stgeorges',183,NULL,NULL,94,NULL,NULL,NULL,NULL,NULL,NULL,NULL,'2018-05-13 03:47:46.362136','2018-05-13 03:47:46.362136');
INSERT INTO cities VALUES(80,'Basseterre','basseterre',185,NULL,NULL,95,NULL,NULL,NULL,NULL,NULL,NULL,NULL,'2018-05-13 03:47:46.370336','2018-05-13 03:47:46.370336');
INSERT INTO cities VALUES(81,'Castries','castries',187,NULL,NULL,96,NULL,NULL,NULL,NULL,NULL,NULL,NULL,'2018-05-13 03:47:46.377818','2018-05-13 03:47:46.377818');
INSERT INTO cities VALUES(82,'Kingstown','kingstown',189,NULL,NULL,97,NULL,NULL,NULL,NULL,NULL,NULL,NULL,'2018-05-13 03:47:46.384912','2018-05-13 03:47:46.384912');
INSERT INTO cities VALUES(83,'Port of Spain','portofspain',191,NULL,NULL,98,NULL,NULL,NULL,NULL,NULL,NULL,NULL,'2018-05-13 03:47:46.392115','2018-05-13 03:47:46.392115');
INSERT INTO cities VALUES(84,'Belmopan','belmopan',193,NULL,NULL,99,NULL,NULL,NULL,NULL,NULL,NULL,NULL,'2018-05-13 03:47:46.400840','2018-05-13 03:47:46.400840');
INSERT INTO cities VALUES(85,'Guatemala City','guatemalacity',195,NULL,NULL,100,NULL,NULL,NULL,NULL,NULL,NULL,NULL,'2018-05-13 03:47:46.409202','2018-05-13 03:47:46.409202');
INSERT INTO cities VALUES(86,'San Jos','sanjose',197,NULL,NULL,101,NULL,NULL,NULL,NULL,NULL,NULL,NULL,'2018-05-13 03:47:46.416638','2018-05-13 03:47:46.416638');
INSERT INTO cities VALUES(87,'Tegucigalpa','tegucigalpa',199,NULL,NULL,102,NULL,NULL,NULL,NULL,NULL,NULL,NULL,'2018-05-13 03:47:46.423934','2018-05-13 03:47:46.423934');
INSERT INTO cities VALUES(88,'San Salvador','sansalvador',201,NULL,NULL,103,NULL,NULL,NULL,NULL,NULL,NULL,NULL,'2018-05-13 03:47:46.432228','2018-05-13 03:47:46.432228');
INSERT INTO cities VALUES(89,'Managua','managua',203,NULL,NULL,104,NULL,NULL,NULL,NULL,NULL,NULL,NULL,'2018-05-13 03:47:46.439821','2018-05-13 03:47:46.439821');
INSERT INTO cities VALUES(90,'Panama City','panamacity',205,NULL,NULL,105,NULL,NULL,NULL,NULL,NULL,NULL,NULL,'2018-05-13 03:47:46.449242','2018-05-13 03:47:46.449242');
INSERT INTO cities VALUES(91,'Wien','wien',208,NULL,NULL,107,NULL,NULL,NULL,NULL,NULL,NULL,NULL,'2018-05-13 03:47:46.466421','2018-05-13 03:47:46.466421');
INSERT INTO cities VALUES(92,'Brussels','brussels',210,NULL,NULL,108,NULL,NULL,NULL,NULL,NULL,NULL,NULL,'2018-05-13 03:47:46.474189','2018-05-13 03:47:46.474189');
INSERT INTO cities VALUES(93,'Nicosia','nicosia',212,NULL,NULL,109,NULL,NULL,NULL,NULL,NULL,NULL,NULL,'2018-05-13 03:47:46.481694','2018-05-13 03:47:46.481694');
INSERT INTO cities VALUES(94,'Berlin','berlin',214,NULL,NULL,110,NULL,NULL,NULL,NULL,NULL,NULL,NULL,'2018-05-13 03:47:46.489966','2018-05-13 03:47:46.489966');
INSERT INTO cities VALUES(95,'Tallinn','tallinn',216,NULL,NULL,111,NULL,NULL,NULL,NULL,NULL,NULL,NULL,'2018-05-13 03:47:46.497695','2018-05-13 03:47:46.497695');
INSERT INTO cities VALUES(96,'Madrid','madrid',218,NULL,NULL,112,NULL,NULL,NULL,NULL,NULL,NULL,NULL,'2018-05-13 03:47:46.505261','2018-05-13 03:47:46.505261');
INSERT INTO cities VALUES(97,'Helsinki','helsinki',220,NULL,NULL,113,NULL,NULL,NULL,NULL,NULL,NULL,NULL,'2018-05-13 03:47:46.512555','2018-05-13 03:47:46.512555');
INSERT INTO cities VALUES(98,'Paris','paris',222,NULL,NULL,114,NULL,NULL,NULL,NULL,NULL,NULL,NULL,'2018-05-13 03:47:46.520745','2018-05-13 03:47:46.520745');
INSERT INTO cities VALUES(99,'Athens','athens',224,NULL,NULL,115,NULL,NULL,NULL,NULL,NULL,NULL,NULL,'2018-05-13 03:47:46.528472','2018-05-13 03:47:46.528472');
INSERT INTO cities VALUES(100,'Dublin','dublin',226,NULL,NULL,116,NULL,NULL,NULL,NULL,NULL,NULL,NULL,'2018-05-13 03:47:46.536093','2018-05-13 03:47:46.536093');
INSERT INTO cities VALUES(101,'Vatican City','vaticancity',257,NULL,NULL,146,NULL,NULL,NULL,NULL,NULL,NULL,NULL,'2018-05-13 03:47:46.676179','2018-05-13 03:47:46.676179');
INSERT INTO cities VALUES(102,'Sarajevo','sarajevo',259,NULL,NULL,147,NULL,NULL,NULL,NULL,NULL,NULL,NULL,'2018-05-13 03:47:46.683475','2018-05-13 03:47:46.683475');
INSERT INTO cities VALUES(103,'Vaduz','vaduz',261,NULL,NULL,148,NULL,NULL,NULL,NULL,NULL,NULL,NULL,'2018-05-13 03:47:46.691609','2018-05-13 03:47:46.691609');
INSERT INTO cities VALUES(104,'Monaco','monaco',263,NULL,NULL,149,NULL,NULL,NULL,NULL,NULL,NULL,NULL,'2018-05-13 03:47:46.699341','2018-05-13 03:47:46.699341');
INSERT INTO cities VALUES(105,'Podgorica','podgorica',265,NULL,NULL,150,NULL,NULL,NULL,NULL,NULL,NULL,NULL,'2018-05-13 03:47:46.709892','2018-05-13 03:47:46.709892');
INSERT INTO cities VALUES(106,'Chiinu','chisinau',267,NULL,NULL,151,NULL,NULL,NULL,NULL,NULL,NULL,NULL,'2018-05-13 03:47:46.717284','2018-05-13 03:47:46.717284');
INSERT INTO cities VALUES(107,'(City of) San Marino','sanmarino',269,NULL,NULL,152,NULL,NULL,NULL,NULL,NULL,NULL,NULL,'2018-05-13 03:47:46.724607','2018-05-13 03:47:46.724607');
INSERT INTO cities VALUES(108,'Bak','baku',273,NULL,NULL,155,NULL,NULL,NULL,NULL,NULL,NULL,NULL,'2018-05-13 03:47:46.741585','2018-05-13 03:47:46.741585');
INSERT INTO cities VALUES(109,'Manama','manama',275,NULL,NULL,156,NULL,NULL,NULL,NULL,NULL,NULL,NULL,'2018-05-13 03:47:46.749765','2018-05-13 03:47:46.749765');
INSERT INTO cities VALUES(110,'Kuwait City','kuwaitcity',277,NULL,NULL,157,NULL,NULL,NULL,NULL,NULL,NULL,NULL,'2018-05-13 03:47:46.758140','2018-05-13 03:47:46.758140');
INSERT INTO cities VALUES(111,'Muscat','muscat',279,NULL,NULL,158,NULL,NULL,NULL,NULL,NULL,NULL,NULL,'2018-05-13 03:47:46.765277','2018-05-13 03:47:46.765277');
INSERT INTO cities VALUES(112,'Doha','doha',281,NULL,NULL,159,NULL,NULL,NULL,NULL,NULL,NULL,NULL,'2018-05-13 03:47:46.773645','2018-05-13 03:47:46.773645');
INSERT INTO cities VALUES(113,'Riyadh','riyadh',283,NULL,NULL,160,NULL,NULL,NULL,NULL,NULL,NULL,NULL,'2018-05-13 03:47:46.781356','2018-05-13 03:47:46.781356');
INSERT INTO cities VALUES(114,'Abu Dhabi','abudhabi',285,NULL,NULL,161,NULL,NULL,NULL,NULL,NULL,NULL,NULL,'2018-05-13 03:47:46.788733','2018-05-13 03:47:46.788733');
INSERT INTO cities VALUES(115,'Sana''a','sanaa',287,NULL,NULL,162,NULL,NULL,NULL,NULL,NULL,NULL,NULL,'2018-05-13 03:47:46.796245','2018-05-13 03:47:46.796245');
INSERT INTO cities VALUES(116,'Baghdad','baghdad',289,NULL,NULL,163,NULL,NULL,NULL,NULL,NULL,NULL,NULL,'2018-05-13 03:47:46.804457','2018-05-13 03:47:46.804457');
INSERT INTO cities VALUES(117,'Jerusalem','jerusalem',291,NULL,NULL,164,NULL,NULL,NULL,NULL,NULL,NULL,NULL,'2018-05-13 03:47:46.812393','2018-05-13 03:47:46.812393');
INSERT INTO cities VALUES(118,'Amman','amman',293,NULL,NULL,165,NULL,NULL,NULL,NULL,NULL,NULL,NULL,'2018-05-13 03:47:46.819852','2018-05-13 03:47:46.819852');
INSERT INTO cities VALUES(119,'Beirut','beirut',295,NULL,NULL,166,NULL,NULL,NULL,NULL,NULL,NULL,NULL,'2018-05-13 03:47:46.827207','2018-05-13 03:47:46.827207');
INSERT INTO cities VALUES(120,'Damascus','damascus',298,NULL,NULL,168,NULL,NULL,NULL,NULL,NULL,NULL,NULL,'2018-05-13 03:47:46.842529','2018-05-13 03:47:46.842529');
INSERT INTO cities VALUES(121,'Tehran','tehran',300,NULL,NULL,169,NULL,NULL,NULL,NULL,NULL,NULL,NULL,'2018-05-13 03:47:46.849967','2018-05-13 03:47:46.849967');
INSERT INTO cities VALUES(122,'Canberra','canberra',305,NULL,NULL,173,NULL,NULL,NULL,NULL,NULL,NULL,NULL,'2018-05-13 03:47:46.873868','2018-05-13 03:47:46.873868');
INSERT INTO cities VALUES(123,'Port Moresby','portmoresby',307,NULL,NULL,174,NULL,NULL,NULL,NULL,NULL,NULL,NULL,'2018-05-13 03:47:46.882118','2018-05-13 03:47:46.882118');
INSERT INTO cities VALUES(124,'Suva','suva',309,NULL,NULL,175,NULL,NULL,NULL,NULL,NULL,NULL,NULL,'2018-05-13 03:47:46.889365','2018-05-13 03:47:46.889365');
INSERT INTO cities VALUES(125,'Honiara','honiara',311,NULL,NULL,176,NULL,NULL,NULL,NULL,NULL,NULL,NULL,'2018-05-13 03:47:46.897223','2018-05-13 03:47:46.897223');
INSERT INTO cities VALUES(126,'Port Vila','portvila',313,NULL,NULL,177,NULL,NULL,NULL,NULL,NULL,NULL,NULL,'2018-05-13 03:47:46.904630','2018-05-13 03:47:46.904630');
INSERT INTO cities VALUES(127,'Ngerulmud','ngerulmud',315,NULL,NULL,178,NULL,NULL,NULL,NULL,NULL,NULL,NULL,'2018-05-13 03:47:46.911916','2018-05-13 03:47:46.911916');
INSERT INTO cities VALUES(128,'Palikir','palikir',317,NULL,NULL,179,NULL,NULL,NULL,NULL,NULL,NULL,NULL,'2018-05-13 03:47:46.918996','2018-05-13 03:47:46.918996');
INSERT INTO cities VALUES(129,'Majuro','majuro',319,NULL,NULL,180,NULL,NULL,NULL,NULL,NULL,NULL,NULL,'2018-05-13 03:47:46.926984','2018-05-13 03:47:46.926984');
INSERT INTO cities VALUES(130,'Yaren','yaren',321,NULL,NULL,181,NULL,NULL,NULL,NULL,NULL,NULL,NULL,'2018-05-13 03:47:46.934800','2018-05-13 03:47:46.934800');
INSERT INTO cities VALUES(131,'Tarawa','tarawa',323,NULL,NULL,182,NULL,NULL,NULL,NULL,NULL,NULL,NULL,'2018-05-13 03:47:46.942250','2018-05-13 03:47:46.942250');
INSERT INTO cities VALUES(132,'Wellington','wellington',325,NULL,NULL,183,NULL,NULL,NULL,NULL,NULL,NULL,NULL,'2018-05-13 03:47:46.949499','2018-05-13 03:47:46.949499');
INSERT INTO cities VALUES(133,'Apia','apia',327,NULL,NULL,184,NULL,NULL,NULL,NULL,NULL,NULL,NULL,'2018-05-13 03:47:46.957721','2018-05-13 03:47:46.957721');
INSERT INTO cities VALUES(134,'Nuku''alofa','nukualofa',329,NULL,NULL,185,NULL,NULL,NULL,NULL,NULL,NULL,NULL,'2018-05-13 03:47:46.965373','2018-05-13 03:47:46.965373');
INSERT INTO cities VALUES(135,'Funafuti','funafuti',331,NULL,NULL,186,NULL,NULL,NULL,NULL,NULL,NULL,NULL,'2018-05-13 03:47:46.975131','2018-05-13 03:47:46.975131');
INSERT INTO cities VALUES(136,'Buenos Aires','buenosaires',333,NULL,NULL,187,NULL,NULL,NULL,NULL,NULL,NULL,NULL,'2018-05-13 03:47:46.983213','2018-05-13 03:47:46.983213');
INSERT INTO cities VALUES(137,'La Paz','lapaz',335,NULL,NULL,188,NULL,NULL,NULL,NULL,NULL,NULL,NULL,'2018-05-13 03:47:46.992148','2018-05-13 03:47:46.992148');
INSERT INTO cities VALUES(138,'Braslia','brasilia',337,NULL,NULL,189,NULL,NULL,NULL,NULL,NULL,NULL,NULL,'2018-05-13 03:47:46.999703','2018-05-13 03:47:46.999703');
INSERT INTO cities VALUES(139,'Santiago','santiago',339,NULL,NULL,190,NULL,NULL,NULL,NULL,NULL,NULL,NULL,'2018-05-13 03:47:47.006969','2018-05-13 03:47:47.006969');
INSERT INTO cities VALUES(140,'Bogot','bogota',341,NULL,NULL,191,NULL,NULL,NULL,NULL,NULL,NULL,NULL,'2018-05-13 03:47:47.014239','2018-05-13 03:47:47.014239');
INSERT INTO cities VALUES(141,'Quito','quito',343,NULL,NULL,192,NULL,NULL,NULL,NULL,NULL,NULL,NULL,'2018-05-13 03:47:47.022514','2018-05-13 03:47:47.022514');
INSERT INTO cities VALUES(142,'Lima','lima',345,NULL,NULL,193,NULL,NULL,NULL,NULL,NULL,NULL,NULL,'2018-05-13 03:47:47.029780','2018-05-13 03:47:47.029780');
INSERT INTO cities VALUES(143,'Asuncin','asuncion',347,NULL,NULL,194,NULL,NULL,NULL,NULL,NULL,NULL,NULL,'2018-05-13 03:47:47.037027','2018-05-13 03:47:47.037027');
INSERT INTO cities VALUES(144,'Montevideo','montevideo',349,NULL,NULL,195,NULL,NULL,NULL,NULL,NULL,NULL,NULL,'2018-05-13 03:47:47.044058','2018-05-13 03:47:47.044058');
INSERT INTO cities VALUES(145,'Caracas','caracas',351,NULL,NULL,196,NULL,NULL,NULL,NULL,NULL,NULL,NULL,'2018-05-13 03:47:47.052502','2018-05-13 03:47:47.052502');
INSERT INTO cities VALUES(146,'George Town','georgetown',353,NULL,NULL,221,NULL,NULL,NULL,NULL,NULL,NULL,NULL,'2018-05-13 03:47:47.060129','2018-05-13 03:47:47.271198');
INSERT INTO cities VALUES(147,'Paramaribo','paramaribo',355,NULL,NULL,198,NULL,NULL,NULL,NULL,NULL,NULL,NULL,'2018-05-13 03:47:47.067848','2018-05-13 03:47:47.067848');
INSERT INTO cities VALUES(148,'Mamoudzou','mamoudzou',357,NULL,NULL,199,NULL,NULL,NULL,NULL,NULL,NULL,NULL,'2018-05-13 03:47:47.075992','2018-05-13 03:47:47.075992');
INSERT INTO cities VALUES(149,'Jamestown','jamestown',360,NULL,NULL,201,NULL,NULL,NULL,NULL,NULL,NULL,NULL,'2018-05-13 03:47:47.093272','2018-05-13 03:47:47.093272');
INSERT INTO cities VALUES(150,'Port-aux-Franais','portauxfrancais',363,NULL,NULL,203,NULL,NULL,NULL,NULL,NULL,NULL,NULL,'2018-05-13 03:47:47.112196','2018-05-13 03:47:47.112196');
INSERT INTO cities VALUES(151,'King Edward Point','kingedwardpoint',366,NULL,NULL,205,NULL,NULL,NULL,NULL,NULL,NULL,NULL,'2018-05-13 03:47:47.127990','2018-05-13 03:47:47.127990');
INSERT INTO cities VALUES(152,'West Island','westisland',370,NULL,NULL,208,NULL,NULL,NULL,NULL,NULL,NULL,NULL,'2018-05-13 03:47:47.155303','2018-05-13 03:47:47.155303');
INSERT INTO cities VALUES(153,'Flying Fish Cove','flyingfishcove',372,NULL,NULL,209,NULL,NULL,NULL,NULL,NULL,NULL,NULL,'2018-05-13 03:47:47.165135','2018-05-13 03:47:47.165135');
INSERT INTO cities VALUES(154,'Diego Garcia','diegogarcia',374,NULL,NULL,210,NULL,NULL,NULL,NULL,NULL,NULL,NULL,'2018-05-13 03:47:47.175597','2018-05-13 03:47:47.175597');
INSERT INTO cities VALUES(155,'Charlotte Amalie','charlotteamalie',377,NULL,NULL,212,NULL,NULL,NULL,NULL,NULL,NULL,NULL,'2018-05-13 03:47:47.191862','2018-05-13 03:47:47.191862');
INSERT INTO cities VALUES(156,'Marigot','marigot',382,NULL,NULL,216,NULL,NULL,NULL,NULL,NULL,NULL,NULL,'2018-05-13 03:47:47.221066','2018-05-13 03:47:47.221066');
INSERT INTO cities VALUES(157,'Oranjestad','oranjestad',384,NULL,NULL,217,NULL,NULL,NULL,NULL,NULL,NULL,NULL,'2018-05-13 03:47:47.230007','2018-05-13 03:47:47.230007');
INSERT INTO cities VALUES(158,'Willemstad','willemstad',386,NULL,NULL,218,NULL,NULL,NULL,NULL,NULL,NULL,NULL,'2018-05-13 03:47:47.240731','2018-05-13 03:47:47.240731');
INSERT INTO cities VALUES(159,'Philipsburg','philipsburg',388,NULL,NULL,219,NULL,NULL,NULL,NULL,NULL,NULL,NULL,'2018-05-13 03:47:47.252361','2018-05-13 03:47:47.252361');
INSERT INTO cities VALUES(160,'The Valley','thevalley',390,NULL,NULL,220,NULL,NULL,NULL,NULL,NULL,NULL,NULL,'2018-05-13 03:47:47.261259','2018-05-13 03:47:47.261259');
INSERT INTO cities VALUES(161,'Plymouth','plymouth',393,NULL,NULL,222,NULL,NULL,NULL,NULL,NULL,NULL,NULL,'2018-05-13 03:47:47.281969','2018-05-13 03:47:47.281969');
INSERT INTO cities VALUES(162,'Cockburn Town','cockburntown',395,NULL,NULL,223,NULL,NULL,NULL,NULL,NULL,NULL,NULL,'2018-05-13 03:47:47.291073','2018-05-13 03:47:47.291073');
INSERT INTO cities VALUES(163,'Road Town','roadtown',397,NULL,NULL,224,NULL,NULL,NULL,NULL,NULL,NULL,NULL,'2018-05-13 03:47:47.300925','2018-05-13 03:47:47.300925');
INSERT INTO cities VALUES(164,'Belfast','belfast',402,NULL,NULL,228,NULL,NULL,NULL,NULL,NULL,NULL,NULL,'2018-05-13 03:47:47.329801','2018-05-13 03:47:47.329801');
INSERT INTO cities VALUES(165,'Hamilton','hamilton',412,NULL,NULL,237,NULL,NULL,NULL,NULL,NULL,NULL,NULL,'2018-05-13 03:47:47.400443','2018-05-13 03:47:47.400443');
INSERT INTO cities VALUES(166,'Nouma','noumea',415,NULL,NULL,239,NULL,NULL,NULL,NULL,NULL,NULL,NULL,'2018-05-13 03:47:47.416358','2018-05-13 03:47:47.416358');
INSERT INTO cities VALUES(167,'Saipan','saipan',420,NULL,NULL,243,NULL,NULL,NULL,NULL,NULL,NULL,NULL,'2018-05-13 03:47:47.444286','2018-05-13 03:47:47.444286');
INSERT INTO cities VALUES(168,'Alofi','alofi',423,NULL,NULL,245,NULL,NULL,NULL,NULL,NULL,NULL,NULL,'2018-05-13 03:47:47.459953','2018-05-13 03:47:47.459953');
INSERT INTO cities VALUES(169,'Fakaofo','fakaofo',425,NULL,NULL,246,NULL,NULL,NULL,NULL,NULL,NULL,NULL,'2018-05-13 03:47:47.469421','2018-05-13 03:47:47.469421');
INSERT INTO cities VALUES(170,'Kingston','kingston',427,NULL,NULL,247,NULL,NULL,NULL,NULL,NULL,NULL,NULL,'2018-05-13 03:47:47.478664','2018-05-13 03:47:47.478664');
INSERT INTO cities VALUES(171,'Adamstown','adamstown',429,NULL,NULL,248,NULL,NULL,NULL,NULL,NULL,NULL,NULL,'2018-05-13 03:47:47.488424','2018-05-13 03:47:47.488424');
INSERT INTO cities VALUES(172,'Cayenne','cayenne',431,NULL,NULL,249,NULL,NULL,NULL,NULL,NULL,NULL,NULL,'2018-05-13 03:47:47.498325','2018-05-13 03:47:47.498325');
INSERT INTO cities VALUES(173,'Stanley','stanley',433,NULL,NULL,250,NULL,NULL,NULL,NULL,NULL,NULL,NULL,'2018-05-13 03:47:47.510276','2018-05-13 03:47:47.510276');
CREATE TABLE IF NOT EXISTS "metros" ("id" integer PRIMARY KEY AUTOINCREMENT NOT NULL, "name" varchar NOT NULL, "key" varchar NOT NULL, "place_id" integer NOT NULL, "code" varchar, "alt_names" varchar, "country_id" integer NOT NULL, "pop" integer, "area" integer, "created_at" datetime NOT NULL, "updated_at" datetime NOT NULL);
CREATE TABLE IF NOT EXISTS "districts" ("id" integer PRIMARY KEY AUTOINCREMENT NOT NULL, "name" varchar NOT NULL, "key" varchar NOT NULL, "place_id" integer NOT NULL, "code" varchar, "alt_names" varchar, "city_id" integer NOT NULL, "pop" integer, "area" integer, "created_at" datetime NOT NULL, "updated_at" datetime NOT NULL);
CREATE TABLE IF NOT EXISTS "langs" ("id" integer PRIMARY KEY AUTOINCREMENT NOT NULL, "key" varchar NOT NULL, "name" varchar NOT NULL, "created_at" datetime NOT NULL, "updated_at" datetime NOT NULL);
CREATE TABLE IF NOT EXISTS "usages" ("id" integer PRIMARY KEY AUTOINCREMENT NOT NULL, "country_id" integer NOT NULL, "lang_id" integer NOT NULL, "official" boolean DEFAULT 't' NOT NULL, "minor" boolean DEFAULT 'f' NOT NULL, "percent" float, "created_at" datetime NOT NULL, "updated_at" datetime NOT NULL);
CREATE TABLE IF NOT EXISTS "persons" ("id" integer PRIMARY KEY AUTOINCREMENT NOT NULL, "key" varchar NOT NULL, "name" varchar NOT NULL, "synonyms" varchar, "code" varchar, "born_at" date, "city_id" integer, "state_id" integer, "country_id" integer, "nationality_id" integer, "created_at" datetime NOT NULL, "updated_at" datetime NOT NULL);
CREATE TABLE IF NOT EXISTS "teams" ("id" integer PRIMARY KEY AUTOINCREMENT NOT NULL, "key" varchar NOT NULL, "title" varchar NOT NULL, "title2" varchar, "code" varchar, "synonyms" varchar, "country_id" integer NOT NULL, "city_id" integer, "club" boolean DEFAULT 'f' NOT NULL, "since" integer, "address" varchar, "web" varchar, "assoc_id" integer, "national" boolean DEFAULT 'f' NOT NULL, "created_at" datetime NOT NULL, "updated_at" datetime NOT NULL);
INSERT INTO teams VALUES(1,'alg','Algeria',NULL,'ALG',NULL,27,NULL,'f',NULL,NULL,NULL,NULL,'f','2018-05-13 03:47:51.316681','2018-05-13 03:47:51.316681');
INSERT INTO teams VALUES(2,'egy','Egypt',NULL,'EGY',NULL,28,NULL,'f',NULL,NULL,NULL,NULL,'f','2018-05-13 03:47:51.318773','2018-05-13 03:47:51.318773');
INSERT INTO teams VALUES(3,'mar','Morocco',NULL,'MAR',NULL,29,NULL,'f',NULL,NULL,NULL,NULL,'f','2018-05-13 03:47:51.320169','2018-05-13 03:47:51.320169');
INSERT INTO teams VALUES(4,'lby','Libya',NULL,'LBY',NULL,30,NULL,'f',NULL,NULL,NULL,NULL,'f','2018-05-13 03:47:51.321589','2018-05-13 03:47:51.321589');
INSERT INTO teams VALUES(5,'tun','Tunisia',NULL,'TUN',NULL,31,NULL,'f',NULL,NULL,NULL,NULL,'f','2018-05-13 03:47:51.323366','2018-05-13 03:47:51.323366');
INSERT INTO teams VALUES(6,'cpv','Cape Verde',NULL,'CPV',NULL,41,NULL,'f',NULL,NULL,NULL,NULL,'f','2018-05-13 03:47:51.325073','2018-05-13 03:47:51.325073');
INSERT INTO teams VALUES(7,'gam','Gambia',NULL,'GAM',NULL,43,NULL,'f',NULL,NULL,NULL,NULL,'f','2018-05-13 03:47:51.326589','2018-05-13 03:47:51.326589');
INSERT INTO teams VALUES(8,'gui','Guinea',NULL,'GUI',NULL,45,NULL,'f',NULL,NULL,NULL,NULL,'f','2018-05-13 03:47:51.328030','2018-05-13 03:47:51.328030');
INSERT INTO teams VALUES(9,'gnb','Guinea-Bissau',NULL,'GNB','Guinea Bissau',46,NULL,'f',NULL,NULL,NULL,NULL,'f','2018-05-13 03:47:51.329503','2018-05-13 03:47:51.329503');
INSERT INTO teams VALUES(10,'lbr','Liberia',NULL,'LBR',NULL,47,NULL,'f',NULL,NULL,NULL,NULL,'f','2018-05-13 03:47:51.330949','2018-05-13 03:47:51.330949');
INSERT INTO teams VALUES(11,'mli','Mali',NULL,'MLI',NULL,48,NULL,'f',NULL,NULL,NULL,NULL,'f','2018-05-13 03:47:51.332318','2018-05-13 03:47:51.332318');
INSERT INTO teams VALUES(12,'mtn','Mauritania',NULL,'MTN',NULL,49,NULL,'f',NULL,NULL,NULL,NULL,'f','2018-05-13 03:47:51.333719','2018-05-13 03:47:51.333719');
INSERT INTO teams VALUES(13,'sen','Senegal',NULL,'SEN',NULL,52,NULL,'f',NULL,NULL,NULL,NULL,'f','2018-05-13 03:47:51.335260','2018-05-13 03:47:51.335260');
INSERT INTO teams VALUES(14,'sle','Sierra Leone',NULL,'SLE',NULL,53,NULL,'f',NULL,NULL,NULL,NULL,'f','2018-05-13 03:47:51.336683','2018-05-13 03:47:51.336683');
INSERT INTO teams VALUES(15,'ben','Benin',NULL,'BEN',NULL,39,NULL,'f',NULL,NULL,NULL,NULL,'f','2018-05-13 03:47:51.340494','2018-05-13 03:47:51.340494');
INSERT INTO teams VALUES(16,'bfa','Burkina Faso',NULL,'BFA',NULL,40,NULL,'f',NULL,NULL,NULL,NULL,'f','2018-05-13 03:47:51.342187','2018-05-13 03:47:51.342187');
INSERT INTO teams VALUES(17,'civ','Cte d''Ivoire',NULL,'CIV',NULL,42,NULL,'f',NULL,NULL,NULL,NULL,'f','2018-05-13 03:47:51.343670','2018-05-13 03:47:51.343670');
INSERT INTO teams VALUES(18,'gha','Ghana',NULL,'GHA',NULL,44,NULL,'f',NULL,NULL,NULL,NULL,'f','2018-05-13 03:47:51.345193','2018-05-13 03:47:51.345193');
INSERT INTO teams VALUES(19,'nig','Niger',NULL,'NIG',NULL,50,NULL,'f',NULL,NULL,NULL,NULL,'f','2018-05-13 03:47:51.346813','2018-05-13 03:47:51.346813');
INSERT INTO teams VALUES(20,'nga','Nigeria',NULL,'NGA',NULL,51,NULL,'f',NULL,NULL,NULL,NULL,'f','2018-05-13 03:47:51.348535','2018-05-13 03:47:51.348535');
INSERT INTO teams VALUES(21,'tog','Togo',NULL,'TOG',NULL,54,NULL,'f',NULL,NULL,NULL,NULL,'f','2018-05-13 03:47:51.350331','2018-05-13 03:47:51.350331');
INSERT INTO teams VALUES(22,'cmr','Cameroon',NULL,'CMR',NULL,19,NULL,'f',NULL,NULL,NULL,NULL,'f','2018-05-13 03:47:51.351940','2018-05-13 03:47:51.351940');
INSERT INTO teams VALUES(23,'cta','Central African Republic',NULL,'CTA','C. Afr. Rep.',20,NULL,'f',NULL,NULL,NULL,NULL,'f','2018-05-13 03:47:51.353531','2018-05-13 03:47:51.353531');
INSERT INTO teams VALUES(24,'cha','Chad',NULL,'CHA',NULL,21,NULL,'f',NULL,NULL,NULL,NULL,'f','2018-05-13 03:47:51.355168','2018-05-13 03:47:51.355168');
INSERT INTO teams VALUES(25,'cgo','Congo',NULL,'CGO','Congo-Brazzaville|Congo-Brazz.',22,NULL,'f',NULL,NULL,NULL,NULL,'f','2018-05-13 03:47:51.356768','2018-05-13 03:47:51.356768');
INSERT INTO teams VALUES(26,'cod','Congo DR',NULL,'COD','Congo-Kinshasa|Congo-Kinsh.',23,NULL,'f',NULL,NULL,NULL,NULL,'f','2018-05-13 03:47:51.358478','2018-05-13 03:47:51.358478');
INSERT INTO teams VALUES(27,'eqg','Equatorial Guinea',NULL,'EQG','Equat. Guinea',24,NULL,'f',NULL,NULL,NULL,NULL,'f','2018-05-13 03:47:51.360104','2018-05-13 03:47:51.360104');
INSERT INTO teams VALUES(28,'gab','Gabon',NULL,'GAB',NULL,25,NULL,'f',NULL,NULL,NULL,NULL,'f','2018-05-13 03:47:51.361878','2018-05-13 03:47:51.361878');
INSERT INTO teams VALUES(29,'stp','So Tom and Prncipe',NULL,'STP','So Tom e Prncipe|So Tom/Pr.',26,NULL,'f',NULL,NULL,NULL,NULL,'f','2018-05-13 03:47:51.363651','2018-05-13 03:47:51.363651');
INSERT INTO teams VALUES(30,'bdi','Burundi',NULL,'BDI',NULL,1,NULL,'f',NULL,NULL,NULL,NULL,'f','2018-05-13 03:47:51.365373','2018-05-13 03:47:51.365373');
INSERT INTO teams VALUES(31,'dji','Djibouti',NULL,'DJI',NULL,3,NULL,'f',NULL,NULL,NULL,NULL,'f','2018-05-13 03:47:51.367182','2018-05-13 03:47:51.367182');
INSERT INTO teams VALUES(32,'eri','Eritrea',NULL,'ERI',NULL,4,NULL,'f',NULL,NULL,NULL,NULL,'f','2018-05-13 03:47:51.368774','2018-05-13 03:47:51.368774');
INSERT INTO teams VALUES(33,'eth','Ethiopia',NULL,'ETH',NULL,5,NULL,'f',NULL,NULL,NULL,NULL,'f','2018-05-13 03:47:51.370384','2018-05-13 03:47:51.370384');
INSERT INTO teams VALUES(34,'ken','Kenya',NULL,'KEN',NULL,6,NULL,'f',NULL,NULL,NULL,NULL,'f','2018-05-13 03:47:51.371889','2018-05-13 03:47:51.371889');
INSERT INTO teams VALUES(35,'rwa','Rwanda',NULL,'RWA',NULL,11,NULL,'f',NULL,NULL,NULL,NULL,'f','2018-05-13 03:47:51.373478','2018-05-13 03:47:51.373478');
INSERT INTO teams VALUES(36,'som','Somalia',NULL,'SOM',NULL,13,NULL,'f',NULL,NULL,NULL,NULL,'f','2018-05-13 03:47:51.375017','2018-05-13 03:47:51.375017');
INSERT INTO teams VALUES(37,'ssd','South Sudan',NULL,'SSD',NULL,32,NULL,'f',NULL,NULL,NULL,NULL,'f','2018-05-13 03:47:51.376688','2018-05-13 03:47:51.376688');
INSERT INTO teams VALUES(38,'sdn','Sudan',NULL,'SDN',NULL,33,NULL,'f',NULL,NULL,NULL,NULL,'f','2018-05-13 03:47:51.378183','2018-05-13 03:47:51.378183');
INSERT INTO teams VALUES(39,'tan','Tanzania',NULL,'TAN',NULL,14,NULL,'f',NULL,NULL,NULL,NULL,'f','2018-05-13 03:47:51.379783','2018-05-13 03:47:51.379783');
INSERT INTO teams VALUES(40,'uga','Uganda',NULL,'UGA',NULL,15,NULL,'f',NULL,NULL,NULL,NULL,'f','2018-05-13 03:47:51.383081','2018-05-13 03:47:51.383081');
INSERT INTO teams VALUES(41,'zan','Zanzibar',NULL,'ZAN',NULL,14,NULL,'f',NULL,NULL,NULL,NULL,'f','2018-05-13 03:47:51.386281','2018-05-13 03:47:51.386281');
INSERT INTO teams VALUES(42,'ang','Angola',NULL,'ANG',NULL,18,NULL,'f',NULL,NULL,NULL,NULL,'f','2018-05-13 03:47:51.389377','2018-05-13 03:47:51.389377');
INSERT INTO teams VALUES(43,'bot','Botswana',NULL,'BOT',NULL,35,NULL,'f',NULL,NULL,NULL,NULL,'f','2018-05-13 03:47:51.391688','2018-05-13 03:47:51.391688');
INSERT INTO teams VALUES(44,'com','Comoros',NULL,'COM',NULL,2,NULL,'f',NULL,NULL,NULL,NULL,'f','2018-05-13 03:47:51.394767','2018-05-13 03:47:51.394767');
INSERT INTO teams VALUES(45,'les','Lesotho',NULL,'LES',NULL,36,NULL,'f',NULL,NULL,NULL,NULL,'f','2018-05-13 03:47:51.397042','2018-05-13 03:47:51.397042');
INSERT INTO teams VALUES(46,'mri','Mauritius',NULL,'MRI',NULL,9,NULL,'f',NULL,NULL,NULL,NULL,'f','2018-05-13 03:47:51.400176','2018-05-13 03:47:51.400176');
INSERT INTO teams VALUES(47,'mad','Madagascar',NULL,'MAD',NULL,7,NULL,'f',NULL,NULL,NULL,NULL,'f','2018-05-13 03:47:51.402541','2018-05-13 03:47:51.402541');
INSERT INTO teams VALUES(48,'mwi','Malawi',NULL,'MWI',NULL,8,NULL,'f',NULL,NULL,NULL,NULL,'f','2018-05-13 03:47:51.405649','2018-05-13 03:47:51.405649');
INSERT INTO teams VALUES(49,'moz','Mozambique',NULL,'MOZ',NULL,10,NULL,'f',NULL,NULL,NULL,NULL,'f','2018-05-13 03:47:51.407978','2018-05-13 03:47:51.407978');
INSERT INTO teams VALUES(50,'nam','Namibia',NULL,'NAM',NULL,37,NULL,'f',NULL,NULL,NULL,NULL,'f','2018-05-13 03:47:51.410200','2018-05-13 03:47:51.410200');
INSERT INTO teams VALUES(51,'sey','Seychelles',NULL,'SEY',NULL,12,NULL,'f',NULL,NULL,NULL,NULL,'f','2018-05-13 03:47:51.413059','2018-05-13 03:47:51.413059');
INSERT INTO teams VALUES(52,'rsa','South Africa',NULL,'RSA',NULL,34,NULL,'f',NULL,NULL,NULL,NULL,'f','2018-05-13 03:47:51.415280','2018-05-13 03:47:51.415280');
INSERT INTO teams VALUES(53,'swz','Swaziland',NULL,'SWZ',NULL,38,NULL,'f',NULL,NULL,NULL,NULL,'f','2018-05-13 03:47:51.417457','2018-05-13 03:47:51.417457');
INSERT INTO teams VALUES(54,'zam','Zambia',NULL,'ZAM',NULL,16,NULL,'f',NULL,NULL,NULL,NULL,'f','2018-05-13 03:47:51.420528','2018-05-13 03:47:51.420528');
INSERT INTO teams VALUES(55,'zim','Zimbabwe',NULL,'ZIM',NULL,17,NULL,'f',NULL,NULL,NULL,NULL,'f','2018-05-13 03:47:51.422607','2018-05-13 03:47:51.422607');
INSERT INTO teams VALUES(56,'reu','Runion',NULL,'REU',NULL,200,NULL,'f',NULL,NULL,NULL,NULL,'f','2018-05-13 03:47:51.425225','2018-05-13 03:47:51.425225');
INSERT INTO teams VALUES(57,'kaz','Kazakhstan',NULL,'KAZ',NULL,56,NULL,'f',NULL,NULL,NULL,NULL,'f','2018-05-13 03:47:51.429361','2018-05-13 03:47:51.429361');
INSERT INTO teams VALUES(58,'afg','Afghanistan',NULL,'AFG',NULL,74,NULL,'f',NULL,NULL,NULL,NULL,'f','2018-05-13 03:47:51.432579','2018-05-13 03:47:51.432579');
INSERT INTO teams VALUES(59,'ban','Bangladesh',NULL,'BAN',NULL,69,NULL,'f',NULL,NULL,NULL,NULL,'f','2018-05-13 03:47:51.434963','2018-05-13 03:47:51.434963');
INSERT INTO teams VALUES(60,'bhu','Bhutan',NULL,'BHU',NULL,72,NULL,'f',NULL,NULL,NULL,NULL,'f','2018-05-13 03:47:51.437954','2018-05-13 03:47:51.437954');
INSERT INTO teams VALUES(61,'ind','India',NULL,'IND',NULL,68,NULL,'f',NULL,NULL,NULL,NULL,'f','2018-05-13 03:47:51.440597','2018-05-13 03:47:51.440597');
INSERT INTO teams VALUES(62,'kgz','Kyrgyzstan',NULL,'KGZ',NULL,57,NULL,'f',NULL,NULL,NULL,NULL,'f','2018-05-13 03:47:51.443864','2018-05-13 03:47:51.443864');
INSERT INTO teams VALUES(63,'mdv','Maldives',NULL,'MDV',NULL,73,NULL,'f',NULL,NULL,NULL,NULL,'f','2018-05-13 03:47:51.446136','2018-05-13 03:47:51.446136');
INSERT INTO teams VALUES(64,'nep','Nepal',NULL,'NEP',NULL,70,NULL,'f',NULL,NULL,NULL,NULL,'f','2018-05-13 03:47:51.449073','2018-05-13 03:47:51.449073');
INSERT INTO teams VALUES(65,'pak','Pakistan',NULL,'PAK',NULL,67,NULL,'f',NULL,NULL,NULL,NULL,'f','2018-05-13 03:47:51.455236','2018-05-13 03:47:51.455236');
INSERT INTO teams VALUES(66,'sri','Sri Lanka',NULL,'SRI',NULL,71,NULL,'f',NULL,NULL,NULL,NULL,'f','2018-05-13 03:47:51.457127','2018-05-13 03:47:51.457127');
INSERT INTO teams VALUES(67,'tjk','Tajikistan',NULL,'TJK',NULL,58,NULL,'f',NULL,NULL,NULL,NULL,'f','2018-05-13 03:47:51.458623','2018-05-13 03:47:51.458623');
INSERT INTO teams VALUES(68,'tkm','Turkmenistan',NULL,'TKM',NULL,59,NULL,'f',NULL,NULL,NULL,NULL,'f','2018-05-13 03:47:51.460106','2018-05-13 03:47:51.460106');
INSERT INTO teams VALUES(69,'uzb','Uzbekistan',NULL,'UZB',NULL,60,NULL,'f',NULL,NULL,NULL,NULL,'f','2018-05-13 03:47:51.461664','2018-05-13 03:47:51.461664');
INSERT INTO teams VALUES(70,'chn','China',NULL,'CHN',NULL,64,NULL,'f',NULL,NULL,NULL,NULL,'f','2018-05-13 03:47:51.463166','2018-05-13 03:47:51.463166');
INSERT INTO teams VALUES(71,'hkg','Hong Kong',NULL,'HKG',NULL,206,NULL,'f',NULL,NULL,NULL,NULL,'f','2018-05-13 03:47:51.464586','2018-05-13 03:47:51.464586');
INSERT INTO teams VALUES(72,'jpn','Japan',NULL,'JPN',NULL,61,NULL,'f',NULL,NULL,NULL,NULL,'f','2018-05-13 03:47:51.466030','2018-05-13 03:47:51.466030');
INSERT INTO teams VALUES(73,'prk','North Korea',NULL,'PRK',NULL,62,NULL,'f',NULL,NULL,NULL,NULL,'f','2018-05-13 03:47:51.467559','2018-05-13 03:47:51.467559');
INSERT INTO teams VALUES(74,'kor','South Korea',NULL,'KOR',NULL,63,NULL,'f',NULL,NULL,NULL,NULL,'f','2018-05-13 03:47:51.468932','2018-05-13 03:47:51.468932');
INSERT INTO teams VALUES(75,'mac','Macau',NULL,'MAC','Macao',207,NULL,'f',NULL,NULL,NULL,NULL,'f','2018-05-13 03:47:51.470364','2018-05-13 03:47:51.470364');
INSERT INTO teams VALUES(76,'mgl','Mongolia',NULL,'MGL',NULL,66,NULL,'f',NULL,NULL,NULL,NULL,'f','2018-05-13 03:47:51.471746','2018-05-13 03:47:51.471746');
INSERT INTO teams VALUES(77,'tpe','Taiwan',NULL,'TPE',NULL,65,NULL,'f',NULL,NULL,NULL,NULL,'f','2018-05-13 03:47:51.473245','2018-05-13 03:47:51.473245');
INSERT INTO teams VALUES(78,'bru','Brunei',NULL,'BRU',NULL,81,NULL,'f',NULL,NULL,NULL,NULL,'f','2018-05-13 03:47:51.474701','2018-05-13 03:47:51.474701');
INSERT INTO teams VALUES(79,'cam','Cambodia',NULL,'CAM',NULL,83,NULL,'f',NULL,NULL,NULL,NULL,'f','2018-05-13 03:47:51.476087','2018-05-13 03:47:51.476087');
INSERT INTO teams VALUES(80,'idn','Indonesia',NULL,'IDN',NULL,75,NULL,'f',NULL,NULL,NULL,NULL,'f','2018-05-13 03:47:51.477492','2018-05-13 03:47:51.477492');
INSERT INTO teams VALUES(81,'lao','Laos',NULL,'LAO',NULL,85,NULL,'f',NULL,NULL,NULL,NULL,'f','2018-05-13 03:47:51.478962','2018-05-13 03:47:51.478962');
INSERT INTO teams VALUES(82,'mas','Malaysia',NULL,'MAS',NULL,76,NULL,'f',NULL,NULL,NULL,NULL,'f','2018-05-13 03:47:51.480360','2018-05-13 03:47:51.480360');
INSERT INTO teams VALUES(83,'mya','Myanmar',NULL,'MYA',NULL,82,NULL,'f',NULL,NULL,NULL,NULL,'f','2018-05-13 03:47:51.481744','2018-05-13 03:47:51.481744');
INSERT INTO teams VALUES(84,'phi','Philippines',NULL,'PHI',NULL,79,NULL,'f',NULL,NULL,NULL,NULL,'f','2018-05-13 03:47:51.483201','2018-05-13 03:47:51.483201');
INSERT INTO teams VALUES(85,'sin','Singapore',NULL,'SIN',NULL,77,NULL,'f',NULL,NULL,NULL,NULL,'f','2018-05-13 03:47:51.484601','2018-05-13 03:47:51.484601');
INSERT INTO teams VALUES(86,'tha','Thailand',NULL,'THA',NULL,78,NULL,'f',NULL,NULL,NULL,NULL,'f','2018-05-13 03:47:51.486082','2018-05-13 03:47:51.486082');
INSERT INTO teams VALUES(87,'tls','Timor-Leste',NULL,'TLS','East Timor',84,NULL,'f',NULL,NULL,NULL,NULL,'f','2018-05-13 03:47:51.487616','2018-05-13 03:47:51.487616');
INSERT INTO teams VALUES(88,'vie','Vietnam',NULL,'VIE',NULL,80,NULL,'f',NULL,NULL,NULL,NULL,'f','2018-05-13 03:47:51.489121','2018-05-13 03:47:51.489121');
INSERT INTO teams VALUES(89,'aia','Anguilla',NULL,'AIA',NULL,220,NULL,'f',NULL,NULL,NULL,NULL,'f','2018-05-13 03:47:51.491497','2018-05-13 03:47:51.491497');
INSERT INTO teams VALUES(90,'atg','Antigua and Barbuda',NULL,'ATG','Antigua/Barb.',90,NULL,'f',NULL,NULL,NULL,NULL,'f','2018-05-13 03:47:51.492989','2018-05-13 03:47:51.492989');
INSERT INTO teams VALUES(91,'abw','Aruba',NULL,'ABW',NULL,217,NULL,'f',NULL,NULL,NULL,NULL,'f','2018-05-13 03:47:51.494495','2018-05-13 03:47:51.494495');
INSERT INTO teams VALUES(92,'bah','Bahamas',NULL,'BAH',NULL,91,NULL,'f',NULL,NULL,NULL,NULL,'f','2018-05-13 03:47:51.495881','2018-05-13 03:47:51.495881');
INSERT INTO teams VALUES(93,'brb','Barbados',NULL,'BRB',NULL,92,NULL,'f',NULL,NULL,NULL,NULL,'f','2018-05-13 03:47:51.497294','2018-05-13 03:47:51.497294');
INSERT INTO teams VALUES(94,'bmu','Bermuda',NULL,'BMU',NULL,237,NULL,'f',NULL,NULL,NULL,NULL,'f','2018-05-13 03:47:51.498735','2018-05-13 03:47:51.498735');
INSERT INTO teams VALUES(95,'vgb','British Virgin Islands',NULL,'VGB',NULL,224,NULL,'f',NULL,NULL,NULL,NULL,'f','2018-05-13 03:47:51.500123','2018-05-13 03:47:51.500123');
INSERT INTO teams VALUES(96,'cym','Cayman Islands',NULL,'CYM','Cayman Isl.',221,NULL,'f',NULL,NULL,NULL,NULL,'f','2018-05-13 03:47:51.501735','2018-05-13 03:47:51.501735');
INSERT INTO teams VALUES(97,'cub','Cuba',NULL,'CUB',NULL,86,NULL,'f',NULL,NULL,NULL,NULL,'f','2018-05-13 03:47:51.503485','2018-05-13 03:47:51.503485');
INSERT INTO teams VALUES(98,'cuw','Curaao',NULL,'CUW',NULL,218,NULL,'f',NULL,NULL,NULL,NULL,'f','2018-05-13 03:47:51.504922','2018-05-13 03:47:51.504922');
INSERT INTO teams VALUES(99,'dma','Dominica',NULL,'DMA',NULL,93,NULL,'f',NULL,NULL,NULL,NULL,'f','2018-05-13 03:47:51.506414','2018-05-13 03:47:51.506414');
INSERT INTO teams VALUES(100,'dom','Dominican Republic',NULL,'DOM',NULL,88,NULL,'f',NULL,NULL,NULL,NULL,'f','2018-05-13 03:47:51.507814','2018-05-13 03:47:51.507814');
INSERT INTO teams VALUES(101,'grn','Grenada',NULL,'GRN',NULL,94,NULL,'f',NULL,NULL,NULL,NULL,'f','2018-05-13 03:47:51.509253','2018-05-13 03:47:51.509253');
INSERT INTO teams VALUES(102,'hai','Haiti',NULL,'HAI',NULL,89,NULL,'f',NULL,NULL,NULL,NULL,'f','2018-05-13 03:47:51.510644','2018-05-13 03:47:51.510644');
INSERT INTO teams VALUES(103,'jam','Jamaica',NULL,'JAM',NULL,87,NULL,'f',NULL,NULL,NULL,NULL,'f','2018-05-13 03:47:51.512090','2018-05-13 03:47:51.512090');
INSERT INTO teams VALUES(104,'msr','Montserrat',NULL,'MSR',NULL,222,NULL,'f',NULL,NULL,NULL,NULL,'f','2018-05-13 03:47:51.513583','2018-05-13 03:47:51.513583');
INSERT INTO teams VALUES(105,'pur','Puerto Rico',NULL,'PUR',NULL,211,NULL,'f',NULL,NULL,NULL,NULL,'f','2018-05-13 03:47:51.515093','2018-05-13 03:47:51.515093');
INSERT INTO teams VALUES(106,'skn','Saint Kitts and Nevis',NULL,'SKN','St. Kitts/N.',95,NULL,'f',NULL,NULL,NULL,NULL,'f','2018-05-13 03:47:51.516525','2018-05-13 03:47:51.516525');
INSERT INTO teams VALUES(107,'lca','Saint Lucia',NULL,'LCA',NULL,96,NULL,'f',NULL,NULL,NULL,NULL,'f','2018-05-13 03:47:51.518052','2018-05-13 03:47:51.518052');
INSERT INTO teams VALUES(108,'vin','Saint Vincent and the Grenadines',NULL,'VIN','St.Vincent/G.',97,NULL,'f',NULL,NULL,NULL,NULL,'f','2018-05-13 03:47:51.519683','2018-05-13 03:47:51.519683');
INSERT INTO teams VALUES(109,'tri','Trinidad and Tobago',NULL,'TRI','Trinidad/Tob.',98,NULL,'f',NULL,NULL,NULL,NULL,'f','2018-05-13 03:47:51.521198','2018-05-13 03:47:51.521198');
INSERT INTO teams VALUES(110,'tca','Turks and Caicos Islands',NULL,'TCA',NULL,223,NULL,'f',NULL,NULL,NULL,NULL,'f','2018-05-13 03:47:51.522642','2018-05-13 03:47:51.522642');
INSERT INTO teams VALUES(111,'vir','United States Virgin Islands',NULL,'VIR','US Virgin Islands|U.S. Virgin Islands|US Virgin I.',212,NULL,'f',NULL,NULL,NULL,NULL,'f','2018-05-13 03:47:51.524173','2018-05-13 03:47:51.524173');
INSERT INTO teams VALUES(112,'bon','Bonaire',NULL,'BON',NULL,120,NULL,'f',NULL,NULL,NULL,NULL,'f','2018-05-13 03:47:51.525638','2018-05-13 03:47:51.525638');
INSERT INTO teams VALUES(113,'gpe','Guadeloupe',NULL,'GPE',NULL,213,NULL,'f',NULL,NULL,NULL,NULL,'f','2018-05-13 03:47:51.527143','2018-05-13 03:47:51.527143');
INSERT INTO teams VALUES(114,'mtq','Martinique',NULL,'MTQ',NULL,214,NULL,'f',NULL,NULL,NULL,NULL,'f','2018-05-13 03:47:51.528671','2018-05-13 03:47:51.528671');
INSERT INTO teams VALUES(115,'maf','Saint Martin',NULL,'MAF',NULL,216,NULL,'f',NULL,NULL,NULL,NULL,'f','2018-05-13 03:47:51.530204','2018-05-13 03:47:51.530204');
INSERT INTO teams VALUES(116,'sxm','Sint Maarten',NULL,'SXM',NULL,120,NULL,'f',NULL,NULL,NULL,NULL,'f','2018-05-13 03:47:51.531681','2018-05-13 03:47:51.531681');
INSERT INTO teams VALUES(117,'hon','Honduras',NULL,'HON',NULL,102,NULL,'f',NULL,NULL,NULL,NULL,'f','2018-05-13 03:47:51.533966','2018-05-13 03:47:51.533966');
INSERT INTO teams VALUES(118,'crc','Costa Rica',NULL,'CRC',NULL,101,NULL,'f',NULL,NULL,NULL,NULL,'f','2018-05-13 03:47:51.535461','2018-05-13 03:47:51.535461');
INSERT INTO teams VALUES(119,'slv','El Salvador',NULL,'SLV',NULL,103,NULL,'f',NULL,NULL,NULL,NULL,'f','2018-05-13 03:47:51.536895','2018-05-13 03:47:51.536895');
INSERT INTO teams VALUES(120,'pan','Panama',NULL,'PAN',NULL,105,NULL,'f',NULL,NULL,NULL,NULL,'f','2018-05-13 03:47:51.538369','2018-05-13 03:47:51.538369');
INSERT INTO teams VALUES(121,'gua','Guatemala',NULL,'GUA',NULL,100,NULL,'f',NULL,NULL,NULL,NULL,'f','2018-05-13 03:47:51.539814','2018-05-13 03:47:51.539814');
INSERT INTO teams VALUES(122,'blz','Belize',NULL,'BLZ',NULL,99,NULL,'f',NULL,NULL,NULL,NULL,'f','2018-05-13 03:47:51.541259','2018-05-13 03:47:51.541259');
INSERT INTO teams VALUES(123,'nca','Nicaragua',NULL,'NCA',NULL,104,NULL,'f',NULL,NULL,NULL,NULL,'f','2018-05-13 03:47:51.542767','2018-05-13 03:47:51.542767');
INSERT INTO teams VALUES(124,'aut','Austria',NULL,'AUT',NULL,107,NULL,'f',NULL,NULL,NULL,NULL,'f','2018-05-13 03:47:51.545019','2018-05-13 03:47:51.545019');
INSERT INTO teams VALUES(125,'bel','Belgium',NULL,'BEL',NULL,108,NULL,'f',NULL,NULL,NULL,NULL,'f','2018-05-13 03:47:51.546567','2018-05-13 03:47:51.546567');
INSERT INTO teams VALUES(126,'cyp','Cyprus',NULL,'CYP',NULL,109,NULL,'f',NULL,NULL,NULL,NULL,'f','2018-05-13 03:47:51.548171','2018-05-13 03:47:51.548171');
INSERT INTO teams VALUES(127,'ger','Germany',NULL,'GER',NULL,110,NULL,'f',NULL,NULL,NULL,NULL,'f','2018-05-13 03:47:51.549954','2018-05-13 03:47:51.549954');
INSERT INTO teams VALUES(128,'est','Estonia',NULL,'EST',NULL,111,NULL,'f',NULL,NULL,NULL,NULL,'f','2018-05-13 03:47:51.552317','2018-05-13 03:47:51.552317');
INSERT INTO teams VALUES(129,'esp','Spain',NULL,'ESP',NULL,112,NULL,'f',NULL,NULL,NULL,NULL,'f','2018-05-13 03:47:51.554011','2018-05-13 03:47:51.554011');
INSERT INTO teams VALUES(130,'fin','Finland',NULL,'FIN',NULL,113,NULL,'f',NULL,NULL,NULL,NULL,'f','2018-05-13 03:47:51.555557','2018-05-13 03:47:51.555557');
INSERT INTO teams VALUES(131,'fra','France',NULL,'FRA',NULL,114,NULL,'f',NULL,NULL,NULL,NULL,'f','2018-05-13 03:47:51.557083','2018-05-13 03:47:51.557083');
INSERT INTO teams VALUES(132,'gre','Greece',NULL,'GRE',NULL,115,NULL,'f',NULL,NULL,NULL,NULL,'f','2018-05-13 03:47:51.558620','2018-05-13 03:47:51.558620');
INSERT INTO teams VALUES(133,'irl','Ireland',NULL,'IRL',NULL,116,NULL,'f',NULL,NULL,NULL,NULL,'f','2018-05-13 03:47:51.560427','2018-05-13 03:47:51.560427');
INSERT INTO teams VALUES(134,'ita','Italy',NULL,'ITA',NULL,117,NULL,'f',NULL,NULL,NULL,NULL,'f','2018-05-13 03:47:51.561987','2018-05-13 03:47:51.561987');
INSERT INTO teams VALUES(135,'lux','Luxembourg',NULL,'LUX',NULL,118,NULL,'f',NULL,NULL,NULL,NULL,'f','2018-05-13 03:47:51.563579','2018-05-13 03:47:51.563579');
INSERT INTO teams VALUES(136,'mlt','Malta',NULL,'MLT',NULL,119,NULL,'f',NULL,NULL,NULL,NULL,'f','2018-05-13 03:47:51.565114','2018-05-13 03:47:51.565114');
INSERT INTO teams VALUES(137,'ned','Netherlands',NULL,'NED',NULL,120,NULL,'f',NULL,NULL,NULL,NULL,'f','2018-05-13 03:47:51.566712','2018-05-13 03:47:51.566712');
INSERT INTO teams VALUES(138,'por','Portugal',NULL,'POR',NULL,121,NULL,'f',NULL,NULL,NULL,NULL,'f','2018-05-13 03:47:51.568257','2018-05-13 03:47:51.568257');
INSERT INTO teams VALUES(139,'svk','Slovakia',NULL,'SVK',NULL,122,NULL,'f',NULL,NULL,NULL,NULL,'f','2018-05-13 03:47:51.569851','2018-05-13 03:47:51.569851');
INSERT INTO teams VALUES(140,'svn','Slovenia',NULL,'SVN',NULL,123,NULL,'f',NULL,NULL,NULL,NULL,'f','2018-05-13 03:47:51.573618','2018-05-13 03:47:51.573618');
INSERT INTO teams VALUES(141,'bul','Bulgaria',NULL,'BUL',NULL,124,NULL,'f',NULL,NULL,NULL,NULL,'f','2018-05-13 03:47:51.575231','2018-05-13 03:47:51.575231');
INSERT INTO teams VALUES(142,'den','Denmark',NULL,'DEN',NULL,125,NULL,'f',NULL,NULL,NULL,NULL,'f','2018-05-13 03:47:51.576661','2018-05-13 03:47:51.576661');
INSERT INTO teams VALUES(143,'lva','Latvija',NULL,'LVA','Latvia',126,NULL,'f',NULL,NULL,NULL,NULL,'f','2018-05-13 03:47:51.578063','2018-05-13 03:47:51.578063');
INSERT INTO teams VALUES(144,'ltu','Lithuania',NULL,'LTU',NULL,127,NULL,'f',NULL,NULL,NULL,NULL,'f','2018-05-13 03:47:51.579602','2018-05-13 03:47:51.579602');
INSERT INTO teams VALUES(145,'pol','Poland',NULL,'POL',NULL,128,NULL,'f',NULL,NULL,NULL,NULL,'f','2018-05-13 03:47:51.580972','2018-05-13 03:47:51.580972');
INSERT INTO teams VALUES(146,'rou','Romania',NULL,'ROU',NULL,129,NULL,'f',NULL,NULL,NULL,NULL,'f','2018-05-13 03:47:51.582376','2018-05-13 03:47:51.582376');
INSERT INTO teams VALUES(147,'swe','Sweden',NULL,'SWE',NULL,130,NULL,'f',NULL,NULL,NULL,NULL,'f','2018-05-13 03:47:51.583781','2018-05-13 03:47:51.583781');
INSERT INTO teams VALUES(148,'cze','Czech Republic',NULL,'CZE',NULL,131,NULL,'f',NULL,NULL,NULL,NULL,'f','2018-05-13 03:47:51.585144','2018-05-13 03:47:51.585144');
INSERT INTO teams VALUES(149,'hun','Hungary',NULL,'HUN',NULL,132,NULL,'f',NULL,NULL,NULL,NULL,'f','2018-05-13 03:47:51.586677','2018-05-13 03:47:51.586677');
INSERT INTO teams VALUES(150,'and','Andorra',NULL,'AND',NULL,134,NULL,'f',NULL,NULL,NULL,NULL,'f','2018-05-13 03:47:51.588099','2018-05-13 03:47:51.588099');
INSERT INTO teams VALUES(151,'alb','Albania',NULL,'ALB',NULL,135,NULL,'f',NULL,NULL,NULL,NULL,'f','2018-05-13 03:47:51.589474','2018-05-13 03:47:51.589474');
INSERT INTO teams VALUES(152,'blr','Belarus',NULL,'BLR',NULL,136,NULL,'f',NULL,NULL,NULL,NULL,'f','2018-05-13 03:47:51.590911','2018-05-13 03:47:51.590911');
INSERT INTO teams VALUES(153,'sui','Switzerland',NULL,'SUI',NULL,137,NULL,'f',NULL,NULL,NULL,NULL,'f','2018-05-13 03:47:51.592271','2018-05-13 03:47:51.592271');
INSERT INTO teams VALUES(154,'cro','Croatia',NULL,'CRO',NULL,138,NULL,'f',NULL,NULL,NULL,NULL,'f','2018-05-13 03:47:51.593658','2018-05-13 03:47:51.593658');
INSERT INTO teams VALUES(155,'srb','Serbia',NULL,'SRB',NULL,139,NULL,'f',NULL,NULL,NULL,NULL,'f','2018-05-13 03:47:51.595112','2018-05-13 03:47:51.595112');
INSERT INTO teams VALUES(156,'rus','Russia',NULL,'RUS',NULL,140,NULL,'f',NULL,NULL,NULL,NULL,'f','2018-05-13 03:47:51.596544','2018-05-13 03:47:51.596544');
INSERT INTO teams VALUES(157,'tur','Turkey',NULL,'TUR',NULL,141,NULL,'f',NULL,NULL,NULL,NULL,'f','2018-05-13 03:47:51.597992','2018-05-13 03:47:51.597992');
INSERT INTO teams VALUES(158,'ukr','Ukraine',NULL,'UKR',NULL,142,NULL,'f',NULL,NULL,NULL,NULL,'f','2018-05-13 03:47:51.599449','2018-05-13 03:47:51.599449');
INSERT INTO teams VALUES(159,'mkd','Macedonia',NULL,'MKD',NULL,143,NULL,'f',NULL,NULL,NULL,NULL,'f','2018-05-13 03:47:51.600823','2018-05-13 03:47:51.600823');
INSERT INTO teams VALUES(160,'nor','Norway',NULL,'NOR',NULL,144,NULL,'f',NULL,NULL,NULL,NULL,'f','2018-05-13 03:47:51.602241','2018-05-13 03:47:51.602241');
INSERT INTO teams VALUES(161,'isl','Iceland',NULL,'ISL',NULL,145,NULL,'f',NULL,NULL,NULL,NULL,'f','2018-05-13 03:47:51.603698','2018-05-13 03:47:51.603698');
INSERT INTO teams VALUES(162,'bih','Bosnia-Herzegovina',NULL,'BIH','Bosnia and Herzegovina|Bosnia|Bosnia-Herz.',147,NULL,'f',NULL,NULL,NULL,NULL,'f','2018-05-13 03:47:51.605168','2018-05-13 03:47:51.605168');
INSERT INTO teams VALUES(163,'lie','Liechtenstein',NULL,'LIE',NULL,148,NULL,'f',NULL,NULL,NULL,NULL,'f','2018-05-13 03:47:51.606623','2018-05-13 03:47:51.606623');
INSERT INTO teams VALUES(164,'mne','Montenegro',NULL,'MNE',NULL,150,NULL,'f',NULL,NULL,NULL,NULL,'f','2018-05-13 03:47:51.608125','2018-05-13 03:47:51.608125');
INSERT INTO teams VALUES(165,'mda','Moldova',NULL,'MDA',NULL,151,NULL,'f',NULL,NULL,NULL,NULL,'f','2018-05-13 03:47:51.609556','2018-05-13 03:47:51.609556');
INSERT INTO teams VALUES(166,'smr','San Marino',NULL,'SMR',NULL,152,NULL,'f',NULL,NULL,NULL,NULL,'f','2018-05-13 03:47:51.611049','2018-05-13 03:47:51.611049');
INSERT INTO teams VALUES(167,'geo','Georgia',NULL,'GEO',NULL,153,NULL,'f',NULL,NULL,NULL,NULL,'f','2018-05-13 03:47:51.612437','2018-05-13 03:47:51.612437');
INSERT INTO teams VALUES(168,'arm','Armenia',NULL,'ARM',NULL,154,NULL,'f',NULL,NULL,NULL,NULL,'f','2018-05-13 03:47:51.613826','2018-05-13 03:47:51.613826');
INSERT INTO teams VALUES(169,'aze','Azerbaijan',NULL,'AZE',NULL,155,NULL,'f',NULL,NULL,NULL,NULL,'f','2018-05-13 03:47:51.615296','2018-05-13 03:47:51.615296');
INSERT INTO teams VALUES(170,'eng','England',NULL,'ENG',NULL,225,NULL,'f',NULL,NULL,NULL,NULL,'f','2018-05-13 03:47:51.616675','2018-05-13 03:47:51.616675');
INSERT INTO teams VALUES(171,'sco','Scotland',NULL,'SCO',NULL,226,NULL,'f',NULL,NULL,NULL,NULL,'f','2018-05-13 03:47:51.618057','2018-05-13 03:47:51.618057');
INSERT INTO teams VALUES(172,'wal','Wales',NULL,'WAL',NULL,227,NULL,'f',NULL,NULL,NULL,NULL,'f','2018-05-13 03:47:51.619632','2018-05-13 03:47:51.619632');
INSERT INTO teams VALUES(173,'nir','Northern Ireland',NULL,'NIR','N. Ireland',228,NULL,'f',NULL,NULL,NULL,NULL,'f','2018-05-13 03:47:51.621086','2018-05-13 03:47:51.621086');
INSERT INTO teams VALUES(174,'fro','Faroe Islands',NULL,'FRO',NULL,233,NULL,'f',NULL,NULL,NULL,NULL,'f','2018-05-13 03:47:51.622562','2018-05-13 03:47:51.622562');
INSERT INTO teams VALUES(175,'gib','Gibraltar',NULL,'GIB',NULL,229,NULL,'f',NULL,NULL,NULL,NULL,'f','2018-05-13 03:47:51.624014','2018-05-13 03:47:51.624014');
INSERT INTO teams VALUES(176,'isr','Israel',NULL,'ISR',NULL,164,NULL,'f',NULL,NULL,NULL,NULL,'f','2018-05-13 03:47:51.626339','2018-05-13 03:47:51.626339');
INSERT INTO teams VALUES(177,'bhr','Bahrain',NULL,'BHR',NULL,156,NULL,'f',NULL,NULL,NULL,NULL,'f','2018-05-13 03:47:51.627800','2018-05-13 03:47:51.627800');
INSERT INTO teams VALUES(178,'irn','Iran',NULL,'IRN',NULL,169,NULL,'f',NULL,NULL,NULL,NULL,'f','2018-05-13 03:47:51.629190','2018-05-13 03:47:51.629190');
INSERT INTO teams VALUES(179,'irq','Iraq',NULL,'IRQ',NULL,163,NULL,'f',NULL,NULL,NULL,NULL,'f','2018-05-13 03:47:51.630642','2018-05-13 03:47:51.630642');
INSERT INTO teams VALUES(180,'jor','Jordan',NULL,'JOR',NULL,165,NULL,'f',NULL,NULL,NULL,NULL,'f','2018-05-13 03:47:51.632033','2018-05-13 03:47:51.632033');
INSERT INTO teams VALUES(181,'kuw','Kuwait',NULL,'KUW',NULL,157,NULL,'f',NULL,NULL,NULL,NULL,'f','2018-05-13 03:47:51.633437','2018-05-13 03:47:51.633437');
INSERT INTO teams VALUES(182,'lib','Lebanon',NULL,'LIB',NULL,166,NULL,'f',NULL,NULL,NULL,NULL,'f','2018-05-13 03:47:51.634934','2018-05-13 03:47:51.634934');
INSERT INTO teams VALUES(183,'oma','Oman',NULL,'OMA',NULL,158,NULL,'f',NULL,NULL,NULL,NULL,'f','2018-05-13 03:47:51.636612','2018-05-13 03:47:51.636612');
INSERT INTO teams VALUES(184,'ple','Palestine',NULL,'PLE',NULL,167,NULL,'f',NULL,NULL,NULL,NULL,'f','2018-05-13 03:47:51.638455','2018-05-13 03:47:51.638455');
INSERT INTO teams VALUES(185,'qat','Qatar',NULL,'QAT',NULL,159,NULL,'f',NULL,NULL,NULL,NULL,'f','2018-05-13 03:47:51.639891','2018-05-13 03:47:51.639891');
INSERT INTO teams VALUES(186,'ksa','Saudi Arabia',NULL,'KSA',NULL,160,NULL,'f',NULL,NULL,NULL,NULL,'f','2018-05-13 03:47:51.641313','2018-05-13 03:47:51.641313');
INSERT INTO teams VALUES(187,'syr','Syria',NULL,'SYR',NULL,168,NULL,'f',NULL,NULL,NULL,NULL,'f','2018-05-13 03:47:51.642727','2018-05-13 03:47:51.642727');
INSERT INTO teams VALUES(188,'uae','United Arab Emirates',NULL,'UAE','UA Emirates',161,NULL,'f',NULL,NULL,NULL,NULL,'f','2018-05-13 03:47:51.644227','2018-05-13 03:47:51.644227');
INSERT INTO teams VALUES(189,'yem','Yemen',NULL,'YEM',NULL,162,NULL,'f',NULL,NULL,NULL,NULL,'f','2018-05-13 03:47:51.645660','2018-05-13 03:47:51.645660');
INSERT INTO teams VALUES(190,'mex','Mexico',NULL,'MEX',NULL,172,NULL,'f',NULL,NULL,NULL,NULL,'f','2018-05-13 03:47:51.648142','2018-05-13 03:47:51.648142');
INSERT INTO teams VALUES(191,'usa','United States',NULL,'USA',NULL,171,NULL,'f',NULL,NULL,NULL,NULL,'f','2018-05-13 03:47:51.649635','2018-05-13 03:47:51.649635');
INSERT INTO teams VALUES(192,'can','Canada',NULL,'CAN',NULL,170,NULL,'f',NULL,NULL,NULL,NULL,'f','2018-05-13 03:47:51.651197','2018-05-13 03:47:51.651197');
INSERT INTO teams VALUES(193,'aus','Australia',NULL,'AUS',NULL,173,NULL,'f',NULL,NULL,NULL,NULL,'f','2018-05-13 03:47:51.653926','2018-05-13 03:47:51.653926');
INSERT INTO teams VALUES(194,'gum','Guam',NULL,'GUM',NULL,242,NULL,'f',NULL,NULL,NULL,NULL,'f','2018-05-13 03:47:51.655828','2018-05-13 03:47:51.655828');
INSERT INTO teams VALUES(195,'mnp','Northern Mariana Islands',NULL,'MNP',NULL,243,NULL,'f',NULL,NULL,NULL,NULL,'f','2018-05-13 03:47:51.657308','2018-05-13 03:47:51.657308');
INSERT INTO teams VALUES(196,'asm','American Samoa',NULL,'ASM','Am. Samoa',241,NULL,'f',NULL,NULL,NULL,NULL,'f','2018-05-13 03:47:51.658961','2018-05-13 03:47:51.658961');
INSERT INTO teams VALUES(197,'cok','Cook Islands',NULL,'COK',NULL,244,NULL,'f',NULL,NULL,NULL,NULL,'f','2018-05-13 03:47:51.660449','2018-05-13 03:47:51.660449');
INSERT INTO teams VALUES(198,'fij','Fiji',NULL,'FIJ',NULL,175,NULL,'f',NULL,NULL,NULL,NULL,'f','2018-05-13 03:47:51.661879','2018-05-13 03:47:51.661879');
INSERT INTO teams VALUES(199,'ncl','New Caledonia',NULL,'NCL',NULL,239,NULL,'f',NULL,NULL,NULL,NULL,'f','2018-05-13 03:47:51.663424','2018-05-13 03:47:51.663424');
INSERT INTO teams VALUES(200,'nzl','New Zealand',NULL,'NZL',NULL,183,NULL,'f',NULL,NULL,NULL,NULL,'f','2018-05-13 03:47:51.664980','2018-05-13 03:47:51.664980');
INSERT INTO teams VALUES(201,'png','Papua New Guinea',NULL,'PNG','Papua N.G.',174,NULL,'f',NULL,NULL,NULL,NULL,'f','2018-05-13 03:47:51.666518','2018-05-13 03:47:51.666518');
INSERT INTO teams VALUES(202,'sam','Samoa',NULL,'SAM',NULL,184,NULL,'f',NULL,NULL,NULL,NULL,'f','2018-05-13 03:47:51.667997','2018-05-13 03:47:51.667997');
INSERT INTO teams VALUES(203,'sol','Solomon Islands',NULL,'SOL','Solomon Isl.',176,NULL,'f',NULL,NULL,NULL,NULL,'f','2018-05-13 03:47:51.669450','2018-05-13 03:47:51.669450');
INSERT INTO teams VALUES(204,'tah','Tahiti',NULL,'TAH',NULL,238,NULL,'f',NULL,NULL,NULL,NULL,'f','2018-05-13 03:47:51.670945','2018-05-13 03:47:51.670945');
INSERT INTO teams VALUES(205,'tga','Tonga',NULL,'TGA',NULL,185,NULL,'f',NULL,NULL,NULL,NULL,'f','2018-05-13 03:47:51.672373','2018-05-13 03:47:51.672373');
INSERT INTO teams VALUES(206,'van','Vanuatu',NULL,'VAN',NULL,177,NULL,'f',NULL,NULL,NULL,NULL,'f','2018-05-13 03:47:51.673795','2018-05-13 03:47:51.673795');
INSERT INTO teams VALUES(207,'kir','Kiribati',NULL,'KIR',NULL,182,NULL,'f',NULL,NULL,NULL,NULL,'f','2018-05-13 03:47:51.675288','2018-05-13 03:47:51.675288');
INSERT INTO teams VALUES(208,'niu','Niue',NULL,'NIU',NULL,245,NULL,'f',NULL,NULL,NULL,NULL,'f','2018-05-13 03:47:51.676735','2018-05-13 03:47:51.676735');
INSERT INTO teams VALUES(209,'tuv','Tuvalu',NULL,'TUV',NULL,186,NULL,'f',NULL,NULL,NULL,NULL,'f','2018-05-13 03:47:51.678186','2018-05-13 03:47:51.678186');
INSERT INTO teams VALUES(210,'arg','Argentina',NULL,'ARG',NULL,187,NULL,'f',NULL,NULL,NULL,NULL,'f','2018-05-13 03:47:51.680491','2018-05-13 03:47:51.680491');
INSERT INTO teams VALUES(211,'bra','Brazil',NULL,'BRA',NULL,189,NULL,'f',NULL,NULL,NULL,NULL,'f','2018-05-13 03:47:51.681962','2018-05-13 03:47:51.681962');
INSERT INTO teams VALUES(212,'chi','Chile',NULL,'CHI',NULL,190,NULL,'f',NULL,NULL,NULL,NULL,'f','2018-05-13 03:47:51.683674','2018-05-13 03:47:51.683674');
INSERT INTO teams VALUES(213,'par','Paraguay',NULL,'PAR',NULL,194,NULL,'f',NULL,NULL,NULL,NULL,'f','2018-05-13 03:47:51.685916','2018-05-13 03:47:51.685916');
INSERT INTO teams VALUES(214,'uru','Uruguay',NULL,'URU',NULL,195,NULL,'f',NULL,NULL,NULL,NULL,'f','2018-05-13 03:47:51.689043','2018-05-13 03:47:51.689043');
INSERT INTO teams VALUES(215,'col','Colombia',NULL,'COL',NULL,191,NULL,'f',NULL,NULL,NULL,NULL,'f','2018-05-13 03:47:51.690735','2018-05-13 03:47:51.690735');
INSERT INTO teams VALUES(216,'ecu','Ecuador',NULL,'ECU',NULL,192,NULL,'f',NULL,NULL,NULL,NULL,'f','2018-05-13 03:47:51.692148','2018-05-13 03:47:51.692148');
INSERT INTO teams VALUES(217,'per','Peru',NULL,'PER',NULL,193,NULL,'f',NULL,NULL,NULL,NULL,'f','2018-05-13 03:47:51.693596','2018-05-13 03:47:51.693596');
INSERT INTO teams VALUES(218,'ven','Venezuela',NULL,'VEN',NULL,196,NULL,'f',NULL,NULL,NULL,NULL,'f','2018-05-13 03:47:51.695049','2018-05-13 03:47:51.695049');
INSERT INTO teams VALUES(219,'bol','Bolivia',NULL,'BOL',NULL,188,NULL,'f',NULL,NULL,NULL,NULL,'f','2018-05-13 03:47:51.696667','2018-05-13 03:47:51.696667');
INSERT INTO teams VALUES(220,'guy','Guyana',NULL,'GUY',NULL,197,NULL,'f',NULL,NULL,NULL,NULL,'f','2018-05-13 03:47:51.698075','2018-05-13 03:47:51.698075');
INSERT INTO teams VALUES(221,'sur','Suriname',NULL,'SUR',NULL,198,NULL,'f',NULL,NULL,NULL,NULL,'f','2018-05-13 03:47:51.699505','2018-05-13 03:47:51.699505');
INSERT INTO teams VALUES(222,'gyf','French Guiana',NULL,'GYF',NULL,249,NULL,'f',NULL,NULL,NULL,NULL,'f','2018-05-13 03:47:51.700920','2018-05-13 03:47:51.700920');
CREATE TABLE IF NOT EXISTS "grounds" ("id" integer PRIMARY KEY AUTOINCREMENT NOT NULL, "key" varchar NOT NULL, "title" varchar NOT NULL, "synonyms" varchar, "country_id" integer NOT NULL, "city_id" integer, "since" integer, "capacity" integer, "address" varchar, "created_at" datetime NOT NULL, "updated_at" datetime NOT NULL);
CREATE TABLE IF NOT EXISTS "goals" ("id" integer PRIMARY KEY AUTOINCREMENT NOT NULL, "person_id" integer NOT NULL, "game_id" integer NOT NULL, "team_id" integer NOT NULL, "minute" integer, "offset" integer DEFAULT 0 NOT NULL, "score1" integer, "score2" integer, "penalty" boolean DEFAULT 'f' NOT NULL, "owngoal" boolean DEFAULT 'f' NOT NULL, "created_at" datetime NOT NULL, "updated_at" datetime NOT NULL);
CREATE TABLE IF NOT EXISTS "rosters" ("id" integer PRIMARY KEY AUTOINCREMENT NOT NULL, "person_id" integer NOT NULL, "team_id" integer NOT NULL, "event_id" integer, "pos" integer NOT NULL, "created_at" datetime NOT NULL, "updated_at" datetime NOT NULL);
CREATE TABLE IF NOT EXISTS "events" ("id" integer PRIMARY KEY AUTOINCREMENT NOT NULL, "key" varchar NOT NULL, "league_id" integer NOT NULL, "season_id" integer NOT NULL, "start_at" date NOT NULL, "end_at" date, "team3" boolean DEFAULT 't' NOT NULL, "sources" varchar, "config" varchar, "created_at" datetime NOT NULL, "updated_at" datetime NOT NULL);
INSERT INTO events VALUES(1,'world.2018',1,26,'2018-06-14',NULL,'t','cup','cup.yml','2018-05-13 03:47:51.796478','2018-05-13 03:47:51.796478');
CREATE TABLE IF NOT EXISTS "rounds" ("id" integer PRIMARY KEY AUTOINCREMENT NOT NULL, "event_id" integer NOT NULL, "title" varchar NOT NULL, "title2" varchar, "pos" integer NOT NULL, "knockout" boolean DEFAULT 'f' NOT NULL, "start_at" date NOT NULL, "end_at" date, "auto" boolean DEFAULT 't' NOT NULL, "created_at" datetime NOT NULL, "updated_at" datetime NOT NULL);
INSERT INTO rounds VALUES(1,1,'Matchday 1',NULL,1,'f','2018-06-14','2018-06-14','t','2018-05-13 03:47:51.949149','2018-05-13 03:47:51.949149');
INSERT INTO rounds VALUES(2,1,'Matchday 2',NULL,2,'f','2018-06-15','2018-06-15','t','2018-05-13 03:47:51.950997','2018-05-13 03:47:51.950997');
INSERT INTO rounds VALUES(3,1,'Matchday 3',NULL,3,'f','2018-06-16','2018-06-16','t','2018-05-13 03:47:51.952268','2018-05-13 03:47:51.952268');
INSERT INTO rounds VALUES(4,1,'Matchday 4',NULL,4,'f','2018-06-17','2018-06-17','t','2018-05-13 03:47:51.953605','2018-05-13 03:47:51.953605');
INSERT INTO rounds VALUES(5,1,'Matchday 5',NULL,5,'f','2018-06-18','2018-06-18','t','2018-05-13 03:47:51.954840','2018-05-13 03:47:51.954840');
INSERT INTO rounds VALUES(6,1,'Matchday 6',NULL,6,'f','2018-06-19','2018-06-19','t','2018-05-13 03:47:51.956161','2018-05-13 03:47:51.956161');
INSERT INTO rounds VALUES(7,1,'Matchday 7',NULL,7,'f','2018-06-20','2018-06-20','t','2018-05-13 03:47:51.957413','2018-05-13 03:47:51.957413');
INSERT INTO rounds VALUES(8,1,'Matchday 8',NULL,8,'f','2018-06-21','2018-06-21','t','2018-05-13 03:47:51.958752','2018-05-13 03:47:51.958752');
INSERT INTO rounds VALUES(9,1,'Matchday 9',NULL,9,'f','2018-06-22','2018-06-22','t','2018-05-13 03:47:51.960006','2018-05-13 03:47:51.960006');
INSERT INTO rounds VALUES(10,1,'Matchday 10',NULL,10,'f','2018-06-23','2018-06-23','t','2018-05-13 03:47:51.961266','2018-05-13 03:47:51.961266');
INSERT INTO rounds VALUES(11,1,'Matchday 11',NULL,11,'f','2018-06-24','2018-06-24','t','2018-05-13 03:47:51.962519','2018-05-13 03:47:51.962519');
INSERT INTO rounds VALUES(12,1,'Matchday 12',NULL,12,'f','2018-06-25','2018-06-25','t','2018-05-13 03:47:51.963858','2018-05-13 03:47:51.963858');
INSERT INTO rounds VALUES(13,1,'Matchday 13',NULL,13,'f','2018-06-26','2018-06-26','t','2018-05-13 03:47:51.965153','2018-05-13 03:47:51.965153');
INSERT INTO rounds VALUES(14,1,'Matchday 14',NULL,14,'f','2018-06-27','2018-06-27','t','2018-05-13 03:47:51.966459','2018-05-13 03:47:51.966459');
INSERT INTO rounds VALUES(15,1,'Matchday 15',NULL,15,'f','2018-06-28','2018-06-28','t','2018-05-13 03:47:51.967850','2018-05-13 03:47:51.967850');
INSERT INTO rounds VALUES(16,1,'Round of 16',NULL,16,'t','2018-06-30','2018-07-03','t','2018-05-13 03:47:51.969231','2018-05-13 03:47:51.969231');
INSERT INTO rounds VALUES(17,1,'Quarter-finals',NULL,17,'t','2018-07-06','2018-07-07','t','2018-05-13 03:47:51.970610','2018-05-13 03:47:51.970610');
INSERT INTO rounds VALUES(18,1,'Semi-finals',NULL,18,'t','2018-07-10','2018-07-11','t','2018-05-13 03:47:51.971962','2018-05-13 03:47:51.971962');
INSERT INTO rounds VALUES(19,1,'Match for third place',NULL,19,'t','2018-07-14','2018-07-14','t','2018-05-13 03:47:51.978396','2018-05-13 03:47:51.978396');
INSERT INTO rounds VALUES(20,1,'Final',NULL,20,'t','2018-07-15','2018-07-15','t','2018-05-13 03:47:51.980203','2018-05-13 03:47:51.980203');
CREATE TABLE IF NOT EXISTS "groups" ("id" integer PRIMARY KEY AUTOINCREMENT NOT NULL, "event_id" integer NOT NULL, "title" varchar NOT NULL, "pos" integer NOT NULL, "created_at" datetime NOT NULL, "updated_at" datetime NOT NULL);
INSERT INTO groups VALUES(1,1,'Group A',1,'2018-05-13 03:47:51.843663','2018-05-13 03:47:51.843663');
INSERT INTO groups VALUES(2,1,'Group B',2,'2018-05-13 03:47:51.863656','2018-05-13 03:47:51.863656');
INSERT INTO groups VALUES(3,1,'Group C',3,'2018-05-13 03:47:51.874767','2018-05-13 03:47:51.874767');
INSERT INTO groups VALUES(4,1,'Group D',4,'2018-05-13 03:47:51.889856','2018-05-13 03:47:51.889856');
INSERT INTO groups VALUES(5,1,'Group E',5,'2018-05-13 03:47:51.899541','2018-05-13 03:47:51.899541');
INSERT INTO groups VALUES(6,1,'Group F',6,'2018-05-13 03:47:51.909019','2018-05-13 03:47:51.909019');
INSERT INTO groups VALUES(7,1,'Group G',7,'2018-05-13 03:47:51.918522','2018-05-13 03:47:51.918522');
INSERT INTO groups VALUES(8,1,'Group H',8,'2018-05-13 03:47:51.927653','2018-05-13 03:47:51.927653');
CREATE TABLE IF NOT EXISTS "games" ("id" integer PRIMARY KEY AUTOINCREMENT NOT NULL, "key" varchar, "round_id" integer NOT NULL, "pos" integer NOT NULL, "group_id" integer, "team1_id" integer NOT NULL, "team2_id" integer NOT NULL, "play_at" datetime NOT NULL, "postponed" boolean DEFAULT 'f' NOT NULL, "play_at_v2" datetime, "play_at_v3" datetime, "ground_id" integer, "city_id" integer, "knockout" boolean DEFAULT 'f' NOT NULL, "home" boolean DEFAULT 't' NOT NULL, "score1" integer, "score2" integer, "score1et" integer, "score2et" integer, "score1p" integer, "score2p" integer, "score1i" integer, "score2i" integer, "score1ii" integer, "score2ii" integer, "next_game_id" integer, "prev_game_id" integer, "winner" integer, "winner90" integer, "created_at" datetime NOT NULL, "updated_at" datetime NOT NULL);
INSERT INTO games VALUES(1,NULL,1,1,1,156,186,'2018-06-14 18:00:00','f',NULL,NULL,NULL,NULL,'f','t',NULL,NULL,NULL,NULL,NULL,NULL,NULL,NULL,NULL,NULL,NULL,NULL,NULL,NULL,'2018-05-13 03:47:52.019844','2018-05-13 03:47:52.019844');
INSERT INTO games VALUES(2,NULL,2,2,1,2,214,'2018-06-15 17:00:00','f',NULL,NULL,NULL,NULL,'f','t',NULL,NULL,NULL,NULL,NULL,NULL,NULL,NULL,NULL,NULL,NULL,NULL,NULL,NULL,'2018-05-13 03:47:52.026519','2018-05-13 03:47:52.026519');
INSERT INTO games VALUES(3,NULL,6,17,1,156,2,'2018-06-19 21:00:00','f',NULL,NULL,NULL,NULL,'f','t',NULL,NULL,NULL,NULL,NULL,NULL,NULL,NULL,NULL,NULL,NULL,NULL,NULL,NULL,'2018-05-13 03:47:52.032896','2018-05-13 03:47:52.032896');
INSERT INTO games VALUES(4,NULL,7,18,1,214,186,'2018-06-20 18:00:00','f',NULL,NULL,NULL,NULL,'f','t',NULL,NULL,NULL,NULL,NULL,NULL,NULL,NULL,NULL,NULL,NULL,NULL,NULL,NULL,'2018-05-13 03:47:52.038759','2018-05-13 03:47:52.038759');
INSERT INTO games VALUES(5,NULL,12,33,1,214,156,'2018-06-25 18:00:00','f',NULL,NULL,NULL,NULL,'f','t',NULL,NULL,NULL,NULL,NULL,NULL,NULL,NULL,NULL,NULL,NULL,NULL,NULL,NULL,'2018-05-13 03:47:52.045232','2018-05-13 03:47:52.045232');
INSERT INTO games VALUES(6,NULL,12,34,1,186,2,'2018-06-25 17:00:00','f',NULL,NULL,NULL,NULL,'f','t',NULL,NULL,NULL,NULL,NULL,NULL,NULL,NULL,NULL,NULL,NULL,NULL,NULL,NULL,'2018-05-13 03:47:52.051105','2018-05-13 03:47:52.051105');
INSERT INTO games VALUES(7,NULL,2,4,2,3,178,'2018-06-15 18:00:00','f',NULL,NULL,NULL,NULL,'f','t',NULL,NULL,NULL,NULL,NULL,NULL,NULL,NULL,NULL,NULL,NULL,NULL,NULL,NULL,'2018-05-13 03:47:52.057556','2018-05-13 03:47:52.057556');
INSERT INTO games VALUES(8,NULL,2,3,2,138,129,'2018-06-15 21:00:00','f',NULL,NULL,NULL,NULL,'f','t',NULL,NULL,NULL,NULL,NULL,NULL,NULL,NULL,NULL,NULL,NULL,NULL,NULL,NULL,'2018-05-13 03:47:52.067098','2018-05-13 03:47:52.067098');
INSERT INTO games VALUES(9,NULL,7,19,2,138,3,'2018-06-20 15:00:00','f',NULL,NULL,NULL,NULL,'f','t',NULL,NULL,NULL,NULL,NULL,NULL,NULL,NULL,NULL,NULL,NULL,NULL,NULL,NULL,'2018-05-13 03:47:52.072732','2018-05-13 03:47:52.072732');
INSERT INTO games VALUES(10,NULL,7,20,2,178,129,'2018-06-20 21:00:00','f',NULL,NULL,NULL,NULL,'f','t',NULL,NULL,NULL,NULL,NULL,NULL,NULL,NULL,NULL,NULL,NULL,NULL,NULL,NULL,'2018-05-13 03:47:52.079731','2018-05-13 03:47:52.079731');
INSERT INTO games VALUES(11,NULL,12,35,2,178,138,'2018-06-25 21:00:00','f',NULL,NULL,NULL,NULL,'f','t',NULL,NULL,NULL,NULL,NULL,NULL,NULL,NULL,NULL,NULL,NULL,NULL,NULL,NULL,'2018-05-13 03:47:52.085935','2018-05-13 03:47:52.085935');
INSERT INTO games VALUES(12,NULL,12,36,2,129,3,'2018-06-25 20:00:00','f',NULL,NULL,NULL,NULL,'f','t',NULL,NULL,NULL,NULL,NULL,NULL,NULL,NULL,NULL,NULL,NULL,NULL,NULL,NULL,'2018-05-13 03:47:52.092184','2018-05-13 03:47:52.092184');
INSERT INTO games VALUES(13,NULL,3,5,3,131,193,'2018-06-16 13:00:00','f',NULL,NULL,NULL,NULL,'f','t',NULL,NULL,NULL,NULL,NULL,NULL,NULL,NULL,NULL,NULL,NULL,NULL,NULL,NULL,'2018-05-13 03:47:52.098488','2018-05-13 03:47:52.098488');
INSERT INTO games VALUES(14,NULL,3,6,3,217,142,'2018-06-16 19:00:00','f',NULL,NULL,NULL,NULL,'f','t',NULL,NULL,NULL,NULL,NULL,NULL,NULL,NULL,NULL,NULL,NULL,NULL,NULL,NULL,'2018-05-13 03:47:52.104300','2018-05-13 03:47:52.104300');
INSERT INTO games VALUES(15,NULL,8,22,3,142,193,'2018-06-21 16:00:00','f',NULL,NULL,NULL,NULL,'f','t',NULL,NULL,NULL,NULL,NULL,NULL,NULL,NULL,NULL,NULL,NULL,NULL,NULL,NULL,'2018-05-13 03:47:52.110899','2018-05-13 03:47:52.110899');
INSERT INTO games VALUES(16,NULL,8,21,3,131,217,'2018-06-21 20:00:00','f',NULL,NULL,NULL,NULL,'f','t',NULL,NULL,NULL,NULL,NULL,NULL,NULL,NULL,NULL,NULL,NULL,NULL,NULL,NULL,'2018-05-13 03:47:52.116526','2018-05-13 03:47:52.116526');
INSERT INTO games VALUES(17,NULL,13,37,3,142,131,'2018-06-26 17:00:00','f',NULL,NULL,NULL,NULL,'f','t',NULL,NULL,NULL,NULL,NULL,NULL,NULL,NULL,NULL,NULL,NULL,NULL,NULL,NULL,'2018-05-13 03:47:52.122513','2018-05-13 03:47:52.122513');
INSERT INTO games VALUES(18,NULL,13,38,3,193,217,'2018-06-26 17:00:00','f',NULL,NULL,NULL,NULL,'f','t',NULL,NULL,NULL,NULL,NULL,NULL,NULL,NULL,NULL,NULL,NULL,NULL,NULL,NULL,'2018-05-13 03:47:52.128332','2018-05-13 03:47:52.128332');
INSERT INTO games VALUES(19,NULL,3,7,4,210,161,'2018-06-16 16:00:00','f',NULL,NULL,NULL,NULL,'f','t',NULL,NULL,NULL,NULL,NULL,NULL,NULL,NULL,NULL,NULL,NULL,NULL,NULL,NULL,'2018-05-13 03:47:52.134295','2018-05-13 03:47:52.134295');
INSERT INTO games VALUES(20,NULL,3,8,4,154,20,'2018-06-16 21:00:00','f',NULL,NULL,NULL,NULL,'f','t',NULL,NULL,NULL,NULL,NULL,NULL,NULL,NULL,NULL,NULL,NULL,NULL,NULL,NULL,'2018-05-13 03:47:52.140824','2018-05-13 03:47:52.140824');
INSERT INTO games VALUES(21,NULL,8,23,4,210,154,'2018-06-21 21:00:00','f',NULL,NULL,NULL,NULL,'f','t',NULL,NULL,NULL,NULL,NULL,NULL,NULL,NULL,NULL,NULL,NULL,NULL,NULL,NULL,'2018-05-13 03:47:52.146530','2018-05-13 03:47:52.146530');
INSERT INTO games VALUES(22,NULL,9,24,4,20,161,'2018-06-22 18:00:00','f',NULL,NULL,NULL,NULL,'f','t',NULL,NULL,NULL,NULL,NULL,NULL,NULL,NULL,NULL,NULL,NULL,NULL,NULL,NULL,'2018-05-13 03:47:52.152547','2018-05-13 03:47:52.152547');
INSERT INTO games VALUES(23,NULL,13,39,4,20,210,'2018-06-26 21:00:00','f',NULL,NULL,NULL,NULL,'f','t',NULL,NULL,NULL,NULL,NULL,NULL,NULL,NULL,NULL,NULL,NULL,NULL,NULL,NULL,'2018-05-13 03:47:52.161173','2018-05-13 03:47:52.161173');
INSERT INTO games VALUES(24,NULL,13,40,4,161,154,'2018-06-26 21:00:00','f',NULL,NULL,NULL,NULL,'f','t',NULL,NULL,NULL,NULL,NULL,NULL,NULL,NULL,NULL,NULL,NULL,NULL,NULL,NULL,'2018-05-13 03:47:52.167199','2018-05-13 03:47:52.167199');
INSERT INTO games VALUES(25,NULL,4,10,5,118,155,'2018-06-17 16:00:00','f',NULL,NULL,NULL,NULL,'f','t',NULL,NULL,NULL,NULL,NULL,NULL,NULL,NULL,NULL,NULL,NULL,NULL,NULL,NULL,'2018-05-13 03:47:52.174107','2018-05-13 03:47:52.174107');
INSERT INTO games VALUES(26,NULL,4,9,5,211,153,'2018-06-17 21:00:00','f',NULL,NULL,NULL,NULL,'f','t',NULL,NULL,NULL,NULL,NULL,NULL,NULL,NULL,NULL,NULL,NULL,NULL,NULL,NULL,'2018-05-13 03:47:52.180657','2018-05-13 03:47:52.180657');
INSERT INTO games VALUES(27,NULL,9,25,5,211,118,'2018-06-22 15:00:00','f',NULL,NULL,NULL,NULL,'f','t',NULL,NULL,NULL,NULL,NULL,NULL,NULL,NULL,NULL,NULL,NULL,NULL,NULL,NULL,'2018-05-13 03:47:52.186608','2018-05-13 03:47:52.186608');
INSERT INTO games VALUES(28,NULL,9,26,5,155,153,'2018-06-22 20:00:00','f',NULL,NULL,NULL,NULL,'f','t',NULL,NULL,NULL,NULL,NULL,NULL,NULL,NULL,NULL,NULL,NULL,NULL,NULL,NULL,'2018-05-13 03:47:52.192330','2018-05-13 03:47:52.192330');
INSERT INTO games VALUES(29,NULL,14,41,5,155,211,'2018-06-27 21:00:00','f',NULL,NULL,NULL,NULL,'f','t',NULL,NULL,NULL,NULL,NULL,NULL,NULL,NULL,NULL,NULL,NULL,NULL,NULL,NULL,'2018-05-13 03:47:52.198260','2018-05-13 03:47:52.198260');
INSERT INTO games VALUES(30,NULL,14,42,5,153,118,'2018-06-27 21:00:00','f',NULL,NULL,NULL,NULL,'f','t',NULL,NULL,NULL,NULL,NULL,NULL,NULL,NULL,NULL,NULL,NULL,NULL,NULL,NULL,'2018-05-13 03:47:52.204019','2018-05-13 03:47:52.204019');
INSERT INTO games VALUES(31,NULL,4,11,6,127,190,'2018-06-17 18:00:00','f',NULL,NULL,NULL,NULL,'f','t',NULL,NULL,NULL,NULL,NULL,NULL,NULL,NULL,NULL,NULL,NULL,NULL,NULL,NULL,'2018-05-13 03:47:52.210316','2018-05-13 03:47:52.210316');
INSERT INTO games VALUES(32,NULL,5,12,6,147,74,'2018-06-18 15:00:00','f',NULL,NULL,NULL,NULL,'f','t',NULL,NULL,NULL,NULL,NULL,NULL,NULL,NULL,NULL,NULL,NULL,NULL,NULL,NULL,'2018-05-13 03:47:52.216173','2018-05-13 03:47:52.216173');
INSERT INTO games VALUES(33,NULL,10,28,6,74,190,'2018-06-23 18:00:00','f',NULL,NULL,NULL,NULL,'f','t',NULL,NULL,NULL,NULL,NULL,NULL,NULL,NULL,NULL,NULL,NULL,NULL,NULL,NULL,'2018-05-13 03:47:52.221844','2018-05-13 03:47:52.221844');
INSERT INTO games VALUES(34,NULL,10,27,6,127,147,'2018-06-23 21:00:00','f',NULL,NULL,NULL,NULL,'f','t',NULL,NULL,NULL,NULL,NULL,NULL,NULL,NULL,NULL,NULL,NULL,NULL,NULL,NULL,'2018-05-13 03:47:52.227578','2018-05-13 03:47:52.227578');
INSERT INTO games VALUES(35,NULL,14,43,6,74,127,'2018-06-27 17:00:00','f',NULL,NULL,NULL,NULL,'f','t',NULL,NULL,NULL,NULL,NULL,NULL,NULL,NULL,NULL,NULL,NULL,NULL,NULL,NULL,'2018-05-13 03:47:52.233735','2018-05-13 03:47:52.233735');
INSERT INTO games VALUES(36,NULL,14,44,6,190,147,'2018-06-27 19:00:00','f',NULL,NULL,NULL,NULL,'f','t',NULL,NULL,NULL,NULL,NULL,NULL,NULL,NULL,NULL,NULL,NULL,NULL,NULL,NULL,'2018-05-13 03:47:52.239844','2018-05-13 03:47:52.239844');
INSERT INTO games VALUES(37,NULL,5,13,7,125,120,'2018-06-18 18:00:00','f',NULL,NULL,NULL,NULL,'f','t',NULL,NULL,NULL,NULL,NULL,NULL,NULL,NULL,NULL,NULL,NULL,NULL,NULL,NULL,'2018-05-13 03:47:52.248854','2018-05-13 03:47:52.248854');
INSERT INTO games VALUES(38,NULL,5,14,7,5,170,'2018-06-18 21:00:00','f',NULL,NULL,NULL,NULL,'f','t',NULL,NULL,NULL,NULL,NULL,NULL,NULL,NULL,NULL,NULL,NULL,NULL,NULL,NULL,'2018-05-13 03:47:52.255485','2018-05-13 03:47:52.255485');
INSERT INTO games VALUES(39,NULL,10,29,7,125,5,'2018-06-23 15:00:00','f',NULL,NULL,NULL,NULL,'f','t',NULL,NULL,NULL,NULL,NULL,NULL,NULL,NULL,NULL,NULL,NULL,NULL,NULL,NULL,'2018-05-13 03:47:52.261842','2018-05-13 03:47:52.261842');
INSERT INTO games VALUES(40,NULL,11,30,7,170,120,'2018-06-24 15:00:00','f',NULL,NULL,NULL,NULL,'f','t',NULL,NULL,NULL,NULL,NULL,NULL,NULL,NULL,NULL,NULL,NULL,NULL,NULL,NULL,'2018-05-13 03:47:52.267971','2018-05-13 03:47:52.267971');
INSERT INTO games VALUES(41,NULL,15,45,7,170,125,'2018-06-28 20:00:00','f',NULL,NULL,NULL,NULL,'f','t',NULL,NULL,NULL,NULL,NULL,NULL,NULL,NULL,NULL,NULL,NULL,NULL,NULL,NULL,'2018-05-13 03:47:52.273623','2018-05-13 03:47:52.273623');
INSERT INTO games VALUES(42,NULL,15,46,7,120,5,'2018-06-28 21:00:00','f',NULL,NULL,NULL,NULL,'f','t',NULL,NULL,NULL,NULL,NULL,NULL,NULL,NULL,NULL,NULL,NULL,NULL,NULL,NULL,'2018-05-13 03:47:52.279232','2018-05-13 03:47:52.279232');
INSERT INTO games VALUES(43,NULL,6,16,8,215,72,'2018-06-19 15:00:00','f',NULL,NULL,NULL,NULL,'f','t',NULL,NULL,NULL,NULL,NULL,NULL,NULL,NULL,NULL,NULL,NULL,NULL,NULL,NULL,'2018-05-13 03:47:52.285141','2018-05-13 03:47:52.285141');
INSERT INTO games VALUES(44,NULL,6,15,8,145,13,'2018-06-19 18:00:00','f',NULL,NULL,NULL,NULL,'f','t',NULL,NULL,NULL,NULL,NULL,NULL,NULL,NULL,NULL,NULL,NULL,NULL,NULL,NULL,'2018-05-13 03:47:52.290742','2018-05-13 03:47:52.290742');
INSERT INTO games VALUES(45,NULL,11,32,8,72,13,'2018-06-24 20:00:00','f',NULL,NULL,NULL,NULL,'f','t',NULL,NULL,NULL,NULL,NULL,NULL,NULL,NULL,NULL,NULL,NULL,NULL,NULL,NULL,'2018-05-13 03:47:52.297483','2018-05-13 03:47:52.297483');
INSERT INTO games VALUES(46,NULL,11,31,8,145,215,'2018-06-24 21:00:00','f',NULL,NULL,NULL,NULL,'f','t',NULL,NULL,NULL,NULL,NULL,NULL,NULL,NULL,NULL,NULL,NULL,NULL,NULL,NULL,'2018-05-13 03:47:52.303284','2018-05-13 03:47:52.303284');
INSERT INTO games VALUES(47,NULL,15,47,8,72,145,'2018-06-28 17:00:00','f',NULL,NULL,NULL,NULL,'f','t',NULL,NULL,NULL,NULL,NULL,NULL,NULL,NULL,NULL,NULL,NULL,NULL,NULL,NULL,'2018-05-13 03:47:52.309409','2018-05-13 03:47:52.309409');
INSERT INTO games VALUES(48,NULL,15,48,8,13,215,'2018-06-28 18:00:00','f',NULL,NULL,NULL,NULL,'f','t',NULL,NULL,NULL,NULL,NULL,NULL,NULL,NULL,NULL,NULL,NULL,NULL,NULL,NULL,'2018-05-13 03:47:52.315251','2018-05-13 03:47:52.315251');
CREATE TABLE IF NOT EXISTS "events_teams" ("id" integer PRIMARY KEY AUTOINCREMENT NOT NULL, "event_id" integer NOT NULL, "team_id" integer NOT NULL, "created_at" datetime NOT NULL, "updated_at" datetime NOT NULL);
INSERT INTO events_teams VALUES(1,1,193,'2018-05-13 03:47:51.797503','2018-05-13 03:47:51.797503');
INSERT INTO events_teams VALUES(2,1,178,'2018-05-13 03:47:51.798070','2018-05-13 03:47:51.798070');
INSERT INTO events_teams VALUES(3,1,72,'2018-05-13 03:47:51.798572','2018-05-13 03:47:51.798572');
INSERT INTO events_teams VALUES(4,1,186,'2018-05-13 03:47:51.799074','2018-05-13 03:47:51.799074');
INSERT INTO events_teams VALUES(5,1,74,'2018-05-13 03:47:51.799550','2018-05-13 03:47:51.799550');
INSERT INTO events_teams VALUES(6,1,2,'2018-05-13 03:47:51.800122','2018-05-13 03:47:51.800122');
INSERT INTO events_teams VALUES(7,1,3,'2018-05-13 03:47:51.800670','2018-05-13 03:47:51.800670');
INSERT INTO events_teams VALUES(8,1,20,'2018-05-13 03:47:51.801168','2018-05-13 03:47:51.801168');
INSERT INTO events_teams VALUES(9,1,13,'2018-05-13 03:47:51.801650','2018-05-13 03:47:51.801650');
INSERT INTO events_teams VALUES(10,1,5,'2018-05-13 03:47:51.802129','2018-05-13 03:47:51.802129');
INSERT INTO events_teams VALUES(11,1,118,'2018-05-13 03:47:51.802633','2018-05-13 03:47:51.802633');
INSERT INTO events_teams VALUES(12,1,190,'2018-05-13 03:47:51.803133','2018-05-13 03:47:51.803133');
INSERT INTO events_teams VALUES(13,1,120,'2018-05-13 03:47:51.803632','2018-05-13 03:47:51.803632');
INSERT INTO events_teams VALUES(14,1,210,'2018-05-13 03:47:51.804111','2018-05-13 03:47:51.804111');
INSERT INTO events_teams VALUES(15,1,211,'2018-05-13 03:47:51.804588','2018-05-13 03:47:51.804588');
INSERT INTO events_teams VALUES(16,1,215,'2018-05-13 03:47:51.805082','2018-05-13 03:47:51.805082');
INSERT INTO events_teams VALUES(17,1,217,'2018-05-13 03:47:51.805577','2018-05-13 03:47:51.805577');
INSERT INTO events_teams VALUES(18,1,214,'2018-05-13 03:47:51.806076','2018-05-13 03:47:51.806076');
INSERT INTO events_teams VALUES(19,1,125,'2018-05-13 03:47:51.806574','2018-05-13 03:47:51.806574');
INSERT INTO events_teams VALUES(20,1,154,'2018-05-13 03:47:51.807068','2018-05-13 03:47:51.807068');
INSERT INTO events_teams VALUES(21,1,142,'2018-05-13 03:47:51.807551','2018-05-13 03:47:51.807551');
INSERT INTO events_teams VALUES(22,1,170,'2018-05-13 03:47:51.808062','2018-05-13 03:47:51.808062');
INSERT INTO events_teams VALUES(23,1,131,'2018-05-13 03:47:51.808541','2018-05-13 03:47:51.808541');
INSERT INTO events_teams VALUES(24,1,127,'2018-05-13 03:47:51.809038','2018-05-13 03:47:51.809038');
INSERT INTO events_teams VALUES(25,1,161,'2018-05-13 03:47:51.809518','2018-05-13 03:47:51.809518');
INSERT INTO events_teams VALUES(26,1,145,'2018-05-13 03:47:51.810065','2018-05-13 03:47:51.810065');
INSERT INTO events_teams VALUES(27,1,138,'2018-05-13 03:47:51.810625','2018-05-13 03:47:51.810625');
INSERT INTO events_teams VALUES(28,1,156,'2018-05-13 03:47:51.811117','2018-05-13 03:47:51.811117');
INSERT INTO events_teams VALUES(29,1,155,'2018-05-13 03:47:51.811606','2018-05-13 03:47:51.811606');
INSERT INTO events_teams VALUES(30,1,129,'2018-05-13 03:47:51.812092','2018-05-13 03:47:51.812092');
INSERT INTO events_teams VALUES(31,1,147,'2018-05-13 03:47:51.812578','2018-05-13 03:47:51.812578');
INSERT INTO events_teams VALUES(32,1,153,'2018-05-13 03:47:51.813066','2018-05-13 03:47:51.813066');
CREATE TABLE IF NOT EXISTS "events_grounds" ("id" integer PRIMARY KEY AUTOINCREMENT NOT NULL, "event_id" integer NOT NULL, "ground_id" integer NOT NULL, "created_at" datetime NOT NULL, "updated_at" datetime NOT NULL);
CREATE TABLE IF NOT EXISTS "groups_teams" ("id" integer PRIMARY KEY AUTOINCREMENT NOT NULL, "group_id" integer NOT NULL, "team_id" integer NOT NULL, "created_at" datetime NOT NULL, "updated_at" datetime NOT NULL);
INSERT INTO groups_teams VALUES(1,1,156,'2018-05-13 03:47:51.855824','2018-05-13 03:47:51.855824');
INSERT INTO groups_teams VALUES(2,1,186,'2018-05-13 03:47:51.857793','2018-05-13 03:47:51.857793');
INSERT INTO groups_teams VALUES(3,1,2,'2018-05-13 03:47:51.859462','2018-05-13 03:47:51.859462');
INSERT INTO groups_teams VALUES(4,1,214,'2018-05-13 03:47:51.861135','2018-05-13 03:47:51.861135');
INSERT INTO groups_teams VALUES(5,2,138,'2018-05-13 03:47:51.867051','2018-05-13 03:47:51.867051');
INSERT INTO groups_teams VALUES(6,2,129,'2018-05-13 03:47:51.868597','2018-05-13 03:47:51.868597');
INSERT INTO groups_teams VALUES(7,2,3,'2018-05-13 03:47:51.869986','2018-05-13 03:47:51.869986');
INSERT INTO groups_teams VALUES(8,2,178,'2018-05-13 03:47:51.871469','2018-05-13 03:47:51.871469');
INSERT INTO groups_teams VALUES(9,3,131,'2018-05-13 03:47:51.877957','2018-05-13 03:47:51.877957');
INSERT INTO groups_teams VALUES(10,3,193,'2018-05-13 03:47:51.879501','2018-05-13 03:47:51.879501');
INSERT INTO groups_teams VALUES(11,3,217,'2018-05-13 03:47:51.885885','2018-05-13 03:47:51.885885');
INSERT INTO groups_teams VALUES(12,3,142,'2018-05-13 03:47:51.887699','2018-05-13 03:47:51.887699');
INSERT INTO groups_teams VALUES(13,4,210,'2018-05-13 03:47:51.893063','2018-05-13 03:47:51.893063');
INSERT INTO groups_teams VALUES(14,4,161,'2018-05-13 03:47:51.894555','2018-05-13 03:47:51.894555');
INSERT INTO groups_teams VALUES(15,4,154,'2018-05-13 03:47:51.895942','2018-05-13 03:47:51.895942');
INSERT INTO groups_teams VALUES(16,4,20,'2018-05-13 03:47:51.897283','2018-05-13 03:47:51.897283');
INSERT INTO groups_teams VALUES(17,5,211,'2018-05-13 03:47:51.902594','2018-05-13 03:47:51.902594');
INSERT INTO groups_teams VALUES(18,5,153,'2018-05-13 03:47:51.904030','2018-05-13 03:47:51.904030');
INSERT INTO groups_teams VALUES(19,5,118,'2018-05-13 03:47:51.905403','2018-05-13 03:47:51.905403');
INSERT INTO groups_teams VALUES(20,5,155,'2018-05-13 03:47:51.906798','2018-05-13 03:47:51.906798');
INSERT INTO groups_teams VALUES(21,6,127,'2018-05-13 03:47:51.912286','2018-05-13 03:47:51.912286');
INSERT INTO groups_teams VALUES(22,6,190,'2018-05-13 03:47:51.913756','2018-05-13 03:47:51.913756');
INSERT INTO groups_teams VALUES(23,6,147,'2018-05-13 03:47:51.915138','2018-05-13 03:47:51.915138');
INSERT INTO groups_teams VALUES(24,6,74,'2018-05-13 03:47:51.916478','2018-05-13 03:47:51.916478');
INSERT INTO groups_teams VALUES(25,7,125,'2018-05-13 03:47:51.921541','2018-05-13 03:47:51.921541');
INSERT INTO groups_teams VALUES(26,7,120,'2018-05-13 03:47:51.923043','2018-05-13 03:47:51.923043');
INSERT INTO groups_teams VALUES(27,7,5,'2018-05-13 03:47:51.924350','2018-05-13 03:47:51.924350');
INSERT INTO groups_teams VALUES(28,7,170,'2018-05-13 03:47:51.925650','2018-05-13 03:47:51.925650');
INSERT INTO groups_teams VALUES(29,8,145,'2018-05-13 03:47:51.930528','2018-05-13 03:47:51.930528');
INSERT INTO groups_teams VALUES(30,8,13,'2018-05-13 03:47:51.932084','2018-05-13 03:47:51.932084');
INSERT INTO groups_teams VALUES(31,8,215,'2018-05-13 03:47:51.933446','2018-05-13 03:47:51.933446');
INSERT INTO groups_teams VALUES(32,8,72,'2018-05-13 03:47:51.934852','2018-05-13 03:47:51.934852');
CREATE TABLE IF NOT EXISTS "seasons" ("id" integer PRIMARY KEY AUTOINCREMENT NOT NULL, "key" varchar NOT NULL, "title" varchar NOT NULL, "created_at" datetime NOT NULL, "updated_at" datetime NOT NULL);
INSERT INTO seasons VALUES(1,'2020/21','2020/21','2018-05-13 03:47:45.474247','2018-05-13 03:47:45.474247');
INSERT INTO seasons VALUES(2,'2019/20','2019/20','2018-05-13 03:47:45.475388','2018-05-13 03:47:45.475388');
INSERT INTO seasons VALUES(3,'2018/19','2018/19','2018-05-13 03:47:45.476217','2018-05-13 03:47:45.476217');
INSERT INTO seasons VALUES(4,'2017/18','2017/18','2018-05-13 03:47:45.477035','2018-05-13 03:47:45.477035');
INSERT INTO seasons VALUES(5,'2016/17','2016/17','2018-05-13 03:47:45.477919','2018-05-13 03:47:45.477919');
INSERT INTO seasons VALUES(6,'2015/16','2015/16','2018-05-13 03:47:45.478860','2018-05-13 03:47:45.478860');
INSERT INTO seasons VALUES(7,'2014/15','2014/15','2018-05-13 03:47:45.479754','2018-05-13 03:47:45.479754');
INSERT INTO seasons VALUES(8,'2013/14','2013/14','2018-05-13 03:47:45.480558','2018-05-13 03:47:45.480558');
INSERT INTO seasons VALUES(9,'2012/13','2012/13','2018-05-13 03:47:45.481401','2018-05-13 03:47:45.481401');
INSERT INTO seasons VALUES(10,'2011/12','2011/12','2018-05-13 03:47:45.482240','2018-05-13 03:47:45.482240');
INSERT INTO seasons VALUES(11,'2010/11','2010/11','2018-05-13 03:47:45.483082','2018-05-13 03:47:45.483082');
INSERT INTO seasons VALUES(12,'2009/10','2009/10','2018-05-13 03:47:45.484006','2018-05-13 03:47:45.484006');
INSERT INTO seasons VALUES(13,'2008/09','2008/09','2018-05-13 03:47:45.485260','2018-05-13 03:47:45.485260');
INSERT INTO seasons VALUES(14,'2007/08','2007/08','2018-05-13 03:47:45.486281','2018-05-13 03:47:45.486281');
INSERT INTO seasons VALUES(15,'2006/07','2006/07','2018-05-13 03:47:45.487173','2018-05-13 03:47:45.487173');
INSERT INTO seasons VALUES(16,'2005/06','2005/06','2018-05-13 03:47:45.488021','2018-05-13 03:47:45.488021');
INSERT INTO seasons VALUES(17,'2004/05','2004/05','2018-05-13 03:47:45.488858','2018-05-13 03:47:45.488858');
INSERT INTO seasons VALUES(18,'2003/04','2003/04','2018-05-13 03:47:45.489676','2018-05-13 03:47:45.489676');
INSERT INTO seasons VALUES(19,'2002/03','2002/03','2018-05-13 03:47:45.490564','2018-05-13 03:47:45.490564');
INSERT INTO seasons VALUES(20,'2001/02','2001/02','2018-05-13 03:47:45.491420','2018-05-13 03:47:45.491420');
INSERT INTO seasons VALUES(21,'2000/01','2000/01','2018-05-13 03:47:45.492253','2018-05-13 03:47:45.492253');
INSERT INTO seasons VALUES(22,'2022','2022','2018-05-13 03:47:45.493068','2018-05-13 03:47:45.493068');
INSERT INTO seasons VALUES(23,'2021','2021','2018-05-13 03:47:45.493917','2018-05-13 03:47:45.493917');
INSERT INTO seasons VALUES(24,'2020','2020','2018-05-13 03:47:45.494804','2018-05-13 03:47:45.494804');
INSERT INTO seasons VALUES(25,'2019','2019','2018-05-13 03:47:45.495640','2018-05-13 03:47:45.495640');
INSERT INTO seasons VALUES(26,'2018','2018','2018-05-13 03:47:45.496547','2018-05-13 03:47:45.496547');
INSERT INTO seasons VALUES(27,'2017','2017','2018-05-13 03:47:45.497368','2018-05-13 03:47:45.497368');
INSERT INTO seasons VALUES(28,'2016','2016','2018-05-13 03:47:45.498235','2018-05-13 03:47:45.498235');
INSERT INTO seasons VALUES(29,'2015','2015','2018-05-13 03:47:45.499068','2018-05-13 03:47:45.499068');
INSERT INTO seasons VALUES(30,'2014','2014','2018-05-13 03:47:45.499914','2018-05-13 03:47:45.499914');
INSERT INTO seasons VALUES(31,'2013','2013','2018-05-13 03:47:45.500723','2018-05-13 03:47:45.500723');
INSERT INTO seasons VALUES(32,'2012','2012','2018-05-13 03:47:45.501562','2018-05-13 03:47:45.501562');
INSERT INTO seasons VALUES(33,'2011','2011','2018-05-13 03:47:45.502424','2018-05-13 03:47:45.502424');
INSERT INTO seasons VALUES(34,'2010','2010','2018-05-13 03:47:45.503272','2018-05-13 03:47:45.503272');
INSERT INTO seasons VALUES(35,'2009','2009','2018-05-13 03:47:45.504111','2018-05-13 03:47:45.504111');
INSERT INTO seasons VALUES(36,'2008','2008','2018-05-13 03:47:45.504915','2018-05-13 03:47:45.504915');
INSERT INTO seasons VALUES(37,'2007','2007','2018-05-13 03:47:45.505768','2018-05-13 03:47:45.505768');
INSERT INTO seasons VALUES(38,'2006','2006','2018-05-13 03:47:45.506601','2018-05-13 03:47:45.506601');
INSERT INTO seasons VALUES(39,'2005','2005','2018-05-13 03:47:45.507459','2018-05-13 03:47:45.507459');
INSERT INTO seasons VALUES(40,'2004','2004','2018-05-13 03:47:45.508277','2018-05-13 03:47:45.508277');
INSERT INTO seasons VALUES(41,'2003','2003','2018-05-13 03:47:45.509103','2018-05-13 03:47:45.509103');
INSERT INTO seasons VALUES(42,'2002','2002','2018-05-13 03:47:45.509941','2018-05-13 03:47:45.509941');
INSERT INTO seasons VALUES(43,'2001','2001','2018-05-13 03:47:45.510809','2018-05-13 03:47:45.510809');
INSERT INTO seasons VALUES(44,'2000','2000','2018-05-13 03:47:45.511613','2018-05-13 03:47:45.511613');
INSERT INTO seasons VALUES(45,'2015.1','2015.1','2018-05-13 03:47:45.512483','2018-05-13 03:47:45.512483');
INSERT INTO seasons VALUES(46,'2015.2','2015.2','2018-05-13 03:47:45.513324','2018-05-13 03:47:45.513324');
INSERT INTO seasons VALUES(47,'2014.1','2014.1','2018-05-13 03:47:45.514225','2018-05-13 03:47:45.514225');
INSERT INTO seasons VALUES(48,'2014.2','2014.2','2018-05-13 03:47:45.515039','2018-05-13 03:47:45.515039');
INSERT INTO seasons VALUES(49,'2013.1','2013.1','2018-05-13 03:47:45.515959','2018-05-13 03:47:45.515959');
INSERT INTO seasons VALUES(50,'2013.2','2013.2','2018-05-13 03:47:45.516816','2018-05-13 03:47:45.516816');
INSERT INTO seasons VALUES(51,'2012.1','2012.1','2018-05-13 03:47:45.517649','2018-05-13 03:47:45.517649');
INSERT INTO seasons VALUES(52,'2012.2','2012.2','2018-05-13 03:47:45.518532','2018-05-13 03:47:45.518532');
INSERT INTO seasons VALUES(53,'2011.1','2011.1','2018-05-13 03:47:45.519352','2018-05-13 03:47:45.519352');
INSERT INTO seasons VALUES(54,'2011.2','2011.2','2018-05-13 03:47:45.520213','2018-05-13 03:47:45.520213');
INSERT INTO seasons VALUES(55,'2010.1','2010.1','2018-05-13 03:47:45.521072','2018-05-13 03:47:45.521072');
INSERT INTO seasons VALUES(56,'2010.2','2010.2','2018-05-13 03:47:45.521910','2018-05-13 03:47:45.521910');
CREATE TABLE IF NOT EXISTS "leagues" ("id" integer PRIMARY KEY AUTOINCREMENT NOT NULL, "key" varchar NOT NULL, "title" varchar NOT NULL, "country_id" integer, "club" boolean DEFAULT 'f' NOT NULL, "created_at" datetime NOT NULL, "updated_at" datetime NOT NULL);
INSERT INTO leagues VALUES(1,'world','World Cup',NULL,'f','2018-05-13 03:47:51.280792','2018-05-13 03:47:51.280792');
INSERT INTO leagues VALUES(2,'world.quali.europe','World Cup Quali Europe',NULL,'f','2018-05-13 03:47:51.282349','2018-05-13 03:47:51.282349');
INSERT INTO leagues VALUES(3,'world.quali.northamerica','World Cup Quali North/Central America and Caribbean',NULL,'f','2018-05-13 03:47:51.283395','2018-05-13 03:47:51.283395');
INSERT INTO leagues VALUES(4,'world.quali.southamerica','World Cup Quali South America',NULL,'f','2018-05-13 03:47:51.284436','2018-05-13 03:47:51.284436');
INSERT INTO leagues VALUES(5,'world.quali.africa','World Cup Quali Africa',NULL,'f','2018-05-13 03:47:51.285453','2018-05-13 03:47:51.285453');
INSERT INTO leagues VALUES(6,'world.quali.asia','World Cup Quali Asia (w/ Australia)',NULL,'f','2018-05-13 03:47:51.286552','2018-05-13 03:47:51.286552');
INSERT INTO leagues VALUES(7,'world.quali.pacific','World Cup Quali South Pacific',NULL,'f','2018-05-13 03:47:51.287524','2018-05-13 03:47:51.287524');
INSERT INTO leagues VALUES(8,'world.quali.playoffs','World Cup Quali Intercontinental Playoffs',NULL,'f','2018-05-13 03:47:51.288529','2018-05-13 03:47:51.288529');
INSERT INTO leagues VALUES(9,'world.confed','Confederations Cup',NULL,'f','2018-05-13 03:47:51.289521','2018-05-13 03:47:51.289521');
INSERT INTO leagues VALUES(10,'euro','Euro / European Championship',NULL,'f','2018-05-13 03:47:51.290516','2018-05-13 03:47:51.290516');
INSERT INTO leagues VALUES(11,'euro.quali','Euro Quali',NULL,'f','2018-05-13 03:47:51.291601','2018-05-13 03:47:51.291601');
INSERT INTO leagues VALUES(12,'southamerica','Copa Amrica',NULL,'f','2018-05-13 03:47:51.292966','2018-05-13 03:47:51.292966');
INSERT INTO leagues VALUES(13,'northamerica','Gold Cup / Copa de Oro',NULL,'f','2018-05-13 03:47:51.294200','2018-05-13 03:47:51.294200');
INSERT INTO leagues VALUES(14,'asia','Asian Cup',NULL,'f','2018-05-13 03:47:51.295191','2018-05-13 03:47:51.295191');
INSERT INTO leagues VALUES(15,'africa','Africa Cup of Nations / Coupe d''Afrique des Nations',NULL,'f','2018-05-13 03:47:51.296225','2018-05-13 03:47:51.296225');
INSERT INTO leagues VALUES(16,'paficic','South Pacific Nations Cup',NULL,'f','2018-05-13 03:47:51.297167','2018-05-13 03:47:51.297167');
CREATE TABLE IF NOT EXISTS "badges" ("id" integer PRIMARY KEY AUTOINCREMENT NOT NULL, "team_id" integer NOT NULL, "league_id" integer NOT NULL, "season_id" integer NOT NULL, "title" varchar NOT NULL, "created_at" datetime NOT NULL, "updated_at" datetime NOT NULL);
CREATE TABLE IF NOT EXISTS "assocs" ("id" integer PRIMARY KEY AUTOINCREMENT NOT NULL, "key" varchar NOT NULL, "title" varchar NOT NULL, "since" integer, "web" varchar, "country_id" integer, "national" boolean DEFAULT 'f' NOT NULL, "continental" boolean DEFAULT 'f' NOT NULL, "intercontinental" boolean DEFAULT 'f' NOT NULL, "created_at" datetime NOT NULL, "updated_at" datetime NOT NULL);
CREATE TABLE IF NOT EXISTS "assocs_assocs" ("id" integer PRIMARY KEY AUTOINCREMENT NOT NULL, "assoc1_id" integer NOT NULL, "assoc2_id" integer NOT NULL, "created_at" datetime NOT NULL, "updated_at" datetime NOT NULL);
CREATE TABLE IF NOT EXISTS "group_standings" ("id" integer PRIMARY KEY AUTOINCREMENT NOT NULL, "group_id" integer NOT NULL, "created_at" datetime NOT NULL, "updated_at" datetime NOT NULL);
CREATE TABLE IF NOT EXISTS "group_standing_entries" ("id" integer PRIMARY KEY AUTOINCREMENT NOT NULL, "group_standing_id" integer NOT NULL, "team_id" integer NOT NULL, "pos" integer, "played" integer, "won" integer, "lost" integer, "drawn" integer, "goals_for" integer, "goals_against" integer, "pts" integer, "comments" varchar, "created_at" datetime NOT NULL, "updated_at" datetime NOT NULL);
CREATE TABLE IF NOT EXISTS "event_standings" ("id" integer PRIMARY KEY AUTOINCREMENT NOT NULL, "event_id" integer NOT NULL, "created_at" datetime NOT NULL, "updated_at" datetime NOT NULL);
CREATE TABLE IF NOT EXISTS "event_standing_entries" ("id" integer PRIMARY KEY AUTOINCREMENT NOT NULL, "event_standing_id" integer NOT NULL, "team_id" integer NOT NULL, "pos" integer, "played" integer, "won" integer, "lost" integer, "drawn" integer, "goals_for" integer, "goals_against" integer, "pts" integer, "comments" varchar, "created_at" datetime NOT NULL, "updated_at" datetime NOT NULL);
CREATE TABLE IF NOT EXISTS "alltime_standings" ("id" integer PRIMARY KEY AUTOINCREMENT NOT NULL, "key" varchar NOT NULL, "title" varchar NOT NULL, "created_at" datetime NOT NULL, "updated_at" datetime NOT NULL);
CREATE TABLE IF NOT EXISTS "alltime_standing_entries" ("id" integer PRIMARY KEY AUTOINCREMENT NOT NULL, "alltime_standing_id" integer NOT NULL, "team_id" integer NOT NULL, "pos" integer, "played" integer, "won" integer, "lost" integer, "drawn" integer, "goals_for" integer, "goals_against" integer, "pts" integer, "recs" integer, "comments" varchar, "created_at" datetime NOT NULL, "updated_at" datetime NOT NULL);
DELETE FROM sqlite_sequence;
INSERT INTO sqlite_sequence VALUES('props',4);
INSERT INTO sqlite_sequence VALUES('seasons',56);
INSERT INTO sqlite_sequence VALUES('places',433);
INSERT INTO sqlite_sequence VALUES('continents',10);
INSERT INTO sqlite_sequence VALUES('countries',250);
INSERT INTO sqlite_sequence VALUES('names',173);
INSERT INTO sqlite_sequence VALUES('cities',173);
INSERT INTO sqlite_sequence VALUES('tags',12);
INSERT INTO sqlite_sequence VALUES('taggings',303);
INSERT INTO sqlite_sequence VALUES('logs',65);
INSERT INTO sqlite_sequence VALUES('leagues',16);
INSERT INTO sqlite_sequence VALUES('teams',222);
INSERT INTO sqlite_sequence VALUES('events',1);
INSERT INTO sqlite_sequence VALUES('events_teams',32);
INSERT INTO sqlite_sequence VALUES('groups',8);
INSERT INTO sqlite_sequence VALUES('groups_teams',32);
INSERT INTO sqlite_sequence VALUES('rounds',20);
INSERT INTO sqlite_sequence VALUES('games',48);
CREATE INDEX "index_tags_on_parent_id" ON "tags" ("parent_id");
CREATE UNIQUE INDEX "index_tags_on_key" ON "tags" ("key");
CREATE INDEX "index_taggings_on_tag_id" ON "taggings" ("tag_id");
CREATE INDEX "index_taggings_on_taggable_id_and_taggable_type" ON "taggings" ("taggable_id", "taggable_type");
CREATE UNIQUE INDEX "index_taggings_on_taggable_id_and_taggable_type_and_tag_id" ON "taggings" ("taggable_id", "taggable_type", "tag_id");
CREATE INDEX "index_names_on_place_id" ON "names" ("place_id");
CREATE INDEX "index_continents_on_place_id" ON "continents" ("place_id");
CREATE UNIQUE INDEX "index_continents_on_key" ON "continents" ("key");
CREATE INDEX "index_country_codes_on_country_id" ON "country_codes" ("country_id");
CREATE UNIQUE INDEX "index_country_codes_on_name_and_kind" ON "country_codes" ("name", "kind");
CREATE INDEX "index_countries_on_place_id" ON "countries" ("place_id");
CREATE INDEX "index_countries_on_continent_id" ON "countries" ("continent_id");
CREATE INDEX "index_countries_on_country_id" ON "countries" ("country_id");
CREATE UNIQUE INDEX "index_countries_on_key" ON "countries" ("key");
CREATE UNIQUE INDEX "index_countries_on_code" ON "countries" ("code");
CREATE INDEX "index_states_on_place_id" ON "states" ("place_id");
CREATE INDEX "index_states_on_country_id" ON "states" ("country_id");
CREATE UNIQUE INDEX "index_states_on_key_and_country_id" ON "states" ("key", "country_id");
CREATE INDEX "index_parts_on_place_id" ON "parts" ("place_id");
CREATE INDEX "index_parts_on_state_id" ON "parts" ("state_id");
CREATE INDEX "index_counties_on_place_id" ON "counties" ("place_id");
CREATE INDEX "index_counties_on_state_id" ON "counties" ("state_id");
CREATE INDEX "index_counties_on_part_id" ON "counties" ("part_id");
CREATE INDEX "index_munis_on_place_id" ON "munis" ("place_id");
CREATE INDEX "index_munis_on_state_id" ON "munis" ("state_id");
CREATE INDEX "index_munis_on_county_id" ON "munis" ("county_id");
CREATE INDEX "index_cities_on_place_id" ON "cities" ("place_id");
CREATE INDEX "index_cities_on_country_id" ON "cities" ("country_id");
CREATE INDEX "index_cities_on_state_id" ON "cities" ("state_id");
CREATE INDEX "index_cities_on_part_id" ON "cities" ("part_id");
CREATE INDEX "index_cities_on_county_id" ON "cities" ("county_id");
CREATE INDEX "index_cities_on_muni_id" ON "cities" ("muni_id");
CREATE INDEX "index_cities_on_metro_id" ON "cities" ("metro_id");
CREATE INDEX "index_metros_on_place_id" ON "metros" ("place_id");
CREATE INDEX "index_metros_on_country_id" ON "metros" ("country_id");
CREATE INDEX "index_districts_on_place_id" ON "districts" ("place_id");
CREATE INDEX "index_districts_on_city_id" ON "districts" ("city_id");
CREATE INDEX "index_usages_on_country_id" ON "usages" ("country_id");
CREATE INDEX "index_usages_on_lang_id" ON "usages" ("lang_id");
CREATE INDEX "index_persons_on_city_id" ON "persons" ("city_id");
CREATE INDEX "index_persons_on_state_id" ON "persons" ("state_id");
CREATE INDEX "index_persons_on_country_id" ON "persons" ("country_id");
CREATE INDEX "index_persons_on_nationality_id" ON "persons" ("nationality_id");
CREATE INDEX "index_teams_on_country_id" ON "teams" ("country_id");
CREATE INDEX "index_teams_on_city_id" ON "teams" ("city_id");
CREATE INDEX "index_teams_on_assoc_id" ON "teams" ("assoc_id");
CREATE UNIQUE INDEX "index_teams_on_key" ON "teams" ("key");
CREATE INDEX "index_grounds_on_country_id" ON "grounds" ("country_id");
CREATE INDEX "index_grounds_on_city_id" ON "grounds" ("city_id");
CREATE UNIQUE INDEX "index_grounds_on_key" ON "grounds" ("key");
CREATE INDEX "index_goals_on_person_id" ON "goals" ("person_id");
CREATE INDEX "index_goals_on_game_id" ON "goals" ("game_id");
CREATE INDEX "index_goals_on_team_id" ON "goals" ("team_id");
CREATE INDEX "index_rosters_on_person_id" ON "rosters" ("person_id");
CREATE INDEX "index_rosters_on_team_id" ON "rosters" ("team_id");
CREATE INDEX "index_rosters_on_event_id" ON "rosters" ("event_id");
CREATE INDEX "index_events_on_league_id" ON "events" ("league_id");
CREATE INDEX "index_events_on_season_id" ON "events" ("season_id");
CREATE UNIQUE INDEX "index_events_on_key" ON "events" ("key");
CREATE INDEX "index_rounds_on_event_id" ON "rounds" ("event_id");
CREATE INDEX "index_groups_on_event_id" ON "groups" ("event_id");
CREATE INDEX "index_games_on_ground_id" ON "games" ("ground_id");
CREATE INDEX "index_games_on_city_id" ON "games" ("city_id");
CREATE UNIQUE INDEX "index_games_on_key" ON "games" ("key");
CREATE INDEX "index_games_on_round_id" ON "games" ("round_id");
CREATE INDEX "index_games_on_group_id" ON "games" ("group_id");
CREATE INDEX "index_games_on_next_game_id" ON "games" ("next_game_id");
CREATE INDEX "index_games_on_prev_game_id" ON "games" ("prev_game_id");
CREATE INDEX "index_games_on_team1_id" ON "games" ("team1_id");
CREATE INDEX "index_games_on_team2_id" ON "games" ("team2_id");
CREATE UNIQUE INDEX "index_events_teams_on_event_id_and_team_id" ON "events_teams" ("event_id", "team_id");
CREATE INDEX "index_events_teams_on_event_id" ON "events_teams" ("event_id");
CREATE UNIQUE INDEX "index_events_grounds_on_event_id_and_ground_id" ON "events_grounds" ("event_id", "ground_id");
CREATE INDEX "index_events_grounds_on_event_id" ON "events_grounds" ("event_id");
CREATE UNIQUE INDEX "index_groups_teams_on_group_id_and_team_id" ON "groups_teams" ("group_id", "team_id");
CREATE INDEX "index_groups_teams_on_group_id" ON "groups_teams" ("group_id");
CREATE INDEX "index_leagues_on_country_id" ON "leagues" ("country_id");
CREATE INDEX "index_badges_on_team_id" ON "badges" ("team_id");
CREATE INDEX "index_badges_on_league_id" ON "badges" ("league_id");
CREATE INDEX "index_badges_on_season_id" ON "badges" ("season_id");
CREATE INDEX "index_assocs_on_country_id" ON "assocs" ("country_id");
CREATE UNIQUE INDEX "index_assocs_on_key" ON "assocs" ("key");
CREATE UNIQUE INDEX "index_assocs_assocs_on_assoc1_id_and_assoc2_id" ON "assocs_assocs" ("assoc1_id", "assoc2_id");
CREATE INDEX "index_assocs_assocs_on_assoc1_id" ON "assocs_assocs" ("assoc1_id");
CREATE INDEX "index_assocs_assocs_on_assoc2_id" ON "assocs_assocs" ("assoc2_id");
CREATE INDEX "index_group_standings_on_group_id" ON "group_standings" ("group_id");
CREATE INDEX "index_group_standing_entries_on_group_standing_id" ON "group_standing_entries" ("group_standing_id");
CREATE INDEX "index_group_standing_entries_on_team_id" ON "group_standing_entries" ("team_id");
CREATE INDEX "index_event_standings_on_event_id" ON "event_standings" ("event_id");
CREATE INDEX "index_event_standing_entries_on_event_standing_id" ON "event_standing_entries" ("event_standing_id");
CREATE INDEX "index_event_standing_entries_on_team_id" ON "event_standing_entries" ("team_id");
CREATE INDEX "index_alltime_standing_entries_on_alltime_standing_id" ON "alltime_standing_entries" ("alltime_standing_id");
CREATE INDEX "index_alltime_standing_entries_on_team_id" ON "alltime_standing_entries" ("team_id");
COMMIT;
